OBJECTID,SMPL_PNT,SMPL_DATE,PRMT_CODE,PRMT_VL,PRMT_ORGN_SIGN
101,DR01,2017/07/04 10:13:51+00,Unionised Ammonia (MGL),0,=
413,DR01,2017/09/05 09:37:40+00,Unionised Ammonia (MGL),0.003,=
467,DR01,2017/03/07 10:35:10+00,Unionised Ammonia (MGL),0.005,=
508,DR01,2017/08/01 10:58:02+00,Unionised Ammonia (MGL),0.005,=
513,DR01,2017/12/05 09:41:47+00,Unionised Ammonia (MGL),0.005,=
569,DR01,2017/10/03 09:25:41+00,Unionised Ammonia (MGL),0.007,=
592,DR01,2017/11/02 00:00:00+00,Unionised Ammonia (MGL),0.007,=
688,DR01,2017/02/07 09:20:34+00,Unionised Ammonia (MGL),0.013,=
772,DR01,2017/06/06 08:40:55+00,Unionised Ammonia (MGL),0.016,=
1028,DR01,2017/05/02 00:00:00+00,Unionised Ammonia (MGL),0.028,=
1270,DR01,2017/01/10 09:51:33+00,Unionised Ammonia (MGL),0.043,=
1448,DR01,2017/12/05 09:41:47+00,Nitrate + Nitrite as Nitrogen (MGL),0.054,=
1917,DR01,2017/07/04 10:13:51+00,Ortho-Phosphate (MGL),0.098,=
1973,DR01,2017/04/04 09:32:55+00,Unionised Ammonia (MGL),0.101,=
1987,DR01,2017/02/07 09:20:34+00,Ortho-Phosphate (MGL),0.102,=
2232,DR01,2017/07/04 10:13:51+00,ammonia (MGL),0.12,=
2263,DR01,2017/12/05 09:41:47+00,Ortho-Phosphate (MGL),0.124,=
2276,DR01,2017/11/02 00:00:00+00,Ortho-Phosphate (MGL),0.122,=
2321,DR01,2017/10/03 09:25:41+00,Ortho-Phosphate (MGL),0.13,=
2425,DR01,2017/09/05 09:37:40+00,Nitrate + Nitrite as Nitrogen (MGL),0.14,=
2426,DR01,2017/09/05 09:37:40+00,Ortho-Phosphate (MGL),0.14,=
2556,DR01,2017/03/07 10:35:10+00,Ortho-Phosphate (MGL),0.158,=
2671,DR01,2017/10/03 09:25:41+00,Nitrate + Nitrite as Nitrogen (MGL),0.176,=
3122,DR01,2017/01/10 09:51:33+00,Ortho-Phosphate (MGL),0.272,=
3139,DR01,2017/08/01 10:58:02+00,Ortho-Phosphate (MGL),0.276,=
3153,DR01,2017/05/02 00:00:00+00,Ortho-Phosphate (MGL),0.274,=
3434,DR01,2017/06/06 08:40:55+00,Ortho-Phosphate (MGL),0.354,=
4038,DR01,2017/06/06 08:40:55+00,Dissolved Oxygen (MGL),0.52,=
4177,DR01,2017/08/01 10:58:02+00,Nitrate + Nitrite as Nitrogen (MGL),0.592,=
4317,DR01,2017/04/04 09:32:55+00,Dissolved Oxygen (MGL),0.63,=
4367,DR01,2017/03/07 10:35:10+00,ammonia (MGL),0.659,=
4603,DR01,2017/09/05 09:37:40+00,ammonia (MGL),0.79,=
4679,DR01,2017/01/10 09:51:33+00,Dissolved Oxygen (MGL),0.8,=
4951,DR01,2017/03/07 10:35:10+00,Dissolved Oxygen (MGL),0.97,=
4989,DR01,2017/04/04 09:32:55+00,Ortho-Phosphate (MGL),0.996,=
5183,DR01,2017/11/02 00:00:00+00,ammonia (MGL),1.048,=
5348,DR01,2017/12/05 09:41:47+00,ammonia (MGL),1.18,=
5359,DR01,2017/10/03 09:25:41+00,ammonia (MGL),1.196,=
5513,DR01,2017/02/07 09:20:34+00,ammonia (MGL),1.296,=
5763,DR01,2017/11/02 00:00:00+00,Nitrate + Nitrite as Nitrogen (MGL),1.494,=
5865,DR01,2017/08/01 10:58:02+00,ammonia (MGL),1.577,=
6945,DR01,2017/08/01 10:58:02+00,Dissolved Oxygen (MGL),2.67,=
7318,DR01,2017/10/03 09:25:41+00,Dissolved Oxygen (MGL),3.01,=
7369,DR01,2017/05/02 00:00:00+00,Dissolved Oxygen (MGL),3.1,=
7429,DR01,2017/12/05 09:41:47+00,Dissolved Oxygen (MGL),3.21,=
7446,DR01,2017/02/07 09:20:34+00,Dissolved Oxygen (MGL),3.26,=
8023,DR01,2017/01/10 09:51:33+00,ammonia (MGL),4.22,=
8024,DR01,2017/05/02 00:00:00+00,ammonia (MGL),4.211,=
8119,DR01,2017/06/06 08:40:55+00,ammonia (MGL),4.485,=
8303,DR01,2017/03/07 10:35:10+00,Suspended Solids 105 C (MGL),5,=
8335,DR01,2017/06/06 08:40:55+00,Oxygen Saturation (PC),5,=
8489,DR01,2017/09/05 09:37:40+00,Dissolved Oxygen (MGL),5.25,=
8702,DR01,2017/02/07 09:20:34+00,Suspended Solids 105 C (MGL),6,=
9086,DR01,2017/07/04 10:13:51+00,pH (PH_NONE),6.8,=
9205,DR01,2017/04/04 09:32:55+00,Oxygen Saturation (PC),7,=
9229,DR01,2017/05/02 00:00:00+00,Suspended Solids 105 C (MGL),7,=
9258,DR01,2017/08/01 10:58:02+00,pH (PH_NONE),7,=
9298,DR01,2017/12/05 09:41:47+00,pH (PH_NONE),7,=
9363,DR01,2017/06/06 08:40:55+00,pH (PH_NONE),7.1,=
9376,DR01,2017/09/05 09:37:40+00,pH (PH_NONE),7.1,=
9436,DR01,2017/03/07 10:35:10+00,pH (PH_NONE),7.2,=
9457,DR01,2017/10/03 09:25:41+00,pH (PH_NONE),7.2,=
9461,DR01,2017/05/02 00:00:00+00,pH (PH_NONE),7.2,=
9478,DR01,2017/11/02 00:00:00+00,pH (PH_NONE),7.2,=
9520,DR01,2017/01/10 09:51:33+00,pH (PH_NONE),7.3,=
9524,DR01,2017/02/07 09:20:34+00,pH (PH_NONE),7.3,=
9546,DR01,2017/04/04 09:32:55+00,pH (PH_NONE),7.3,=
10625,DR01,2017/07/04 10:13:51+00,Dissolved Oxygen (MGL),7.74,=
11101,DR01,2017/10/03 09:25:41+00,Suspended Solids 105 C (MGL),8,=
11704,DR01,2017/01/10 09:51:33+00,Oxygen Saturation (PC),9,=
11755,DR01,2017/06/06 08:40:55+00,Suspended Solids 105 C (MGL),9,=
11778,DR01,2017/09/05 09:37:40+00,Suspended Solids 105 C (MGL),9,=
11806,DR01,2017/11/02 00:00:00+00,Suspended Solids 105 C (MGL),9,=
12167,DR01,2017/07/04 10:13:51+00,Suspended Solids 105 C (MGL),10,=
12276,DR05,2017/10/03 09:26:21+00,Escherichia coli (CFU),10,=
12545,DR01,2017/03/07 10:35:10+00,Oxygen Saturation (PC),11,=
12682,DR01,2017/04/04 09:32:55+00,ammonia (MGL),11.41,=
12773,DR01,2017/01/10 09:51:33+00,Suspended Solids 105 C (MGL),12,=
12876,DR01,2017/07/04 10:13:51+00,Temperature (CELSIUS),12.1,=
13242,DR01,2017/06/06 08:40:55+00,Temperature (CELSIUS),13.8,=
13344,DR01,2017/12/05 09:41:47+00,Suspended Solids 105 C (MGL),14,=
13481,DR01,2017/09/05 09:37:40+00,Temperature (CELSIUS),14.6,=
13518,DR01,2017/08/01 10:58:02+00,Temperature (CELSIUS),14.8,=
13971,DR01,2017/04/04 09:32:55+00,Suspended Solids 105 C (MGL),16,=
14101,DR01,2017/10/03 09:25:41+00,Temperature (CELSIUS),16.5,=
14250,DR01,2017/09/05 09:37:40+00,COD (MGL),17,=
14607,DR01,2017/11/02 00:00:00+00,Temperature (CELSIUS),18.5,=
14731,DR01,2017/10/03 09:25:41+00,COD (MGL),19,=
14751,DR01,2017/12/05 09:41:47+00,Temperature (CELSIUS),19,=
14818,DR01,2017/05/02 00:00:00+00,Temperature (CELSIUS),19.3,=
15004,DR01,2017/04/04 09:32:55+00,Temperature (CELSIUS),20,=
15341,DR01,2017/03/07 10:35:10+00,Temperature (CELSIUS),20.8,=
15558,DR01,2017/02/07 09:20:34+00,Temperature (CELSIUS),21.9,=
15581,DR01,2017/01/10 09:51:33+00,Temperature (CELSIUS),22,=
16091,DR01,2017/07/04 10:13:51+00,Conductivity (MSM),25,=
16149,DR01,2017/11/02 00:00:00+00,COD (MGL),25,=
16222,DR01,2017/02/07 09:20:34+00,COD (MGL),26,=
16238,DR01,2017/08/01 10:58:02+00,Oxygen Saturation (PC),26,=
16354,DR01,2017/07/04 10:13:51+00,COD (MGL),27,=
16448,DR01,2017/11/02 00:00:00+00,Conductivity (MSM),28,=
16522,DR01,2017/11/02 00:00:00+00,Oxygen Saturation (PC),29,=
16633,DR01,2017/05/02 00:00:00+00,COD (MGL),30,=
16840,DR01,2017/08/01 10:58:02+00,COD (MGL),31,=
16843,DR01,2017/10/03 09:25:41+00,Oxygen Saturation (PC),31,=
17051,DR01,2017/05/02 00:00:00+00,Oxygen Saturation (PC),34,=
17057,DR01,2017/12/05 09:41:47+00,Oxygen Saturation (PC),34,=
17058,DR01,2017/12/05 09:41:47+00,Conductivity (MSM),34,=
17197,DR01,2017/06/06 08:40:55+00,COD (MGL),36,=
17305,DR01,2017/02/07 09:20:34+00,Oxygen Saturation (PC),38,=
17738,DR01,2017/09/05 09:37:40+00,Conductivity (MSM),42,=
17767,DR01,2017/01/10 09:51:33+00,COD (MGL),43,=
17984,DR01,2017/10/03 09:25:41+00,Conductivity (MSM),46,=
18181,DR01,2017/02/07 09:20:34+00,Conductivity (MSM),50,=
18395,DR01,2017/04/04 09:32:55+00,COD (MGL),51,=
18463,DR01,2017/06/06 08:40:55+00,Conductivity (MSM),52,=
18468,DR01,2017/09/05 09:37:40+00,Oxygen Saturation (PC),52,=
18497,DR01,2017/01/10 09:51:33+00,Conductivity (MSM),53,=
18555,DR01,2017/03/07 10:35:10+00,Conductivity (MSM),54,=
18897,DR01,2017/04/04 09:32:55+00,Conductivity (MSM),59,=
19731,DR01,2017/08/01 10:58:02+00,Conductivity (MSM),68,=
20093,DR01,2017/07/04 10:13:51+00,Oxygen Saturation (PC),72,=
23937,DR01,2017/03/07 10:36:03+00,Escherichia coli (CFU),400,=
24184,DR05,2017/09/05 09:48:21+00,Escherichia coli (CFU),740,=
24242,DR05,2017/03/07 10:57:35+00,Escherichia coli (CFU),970,=
24580,DR05,2017/06/06 08:51:28+00,Escherichia coli (CFU),5400,=
24603,DR05,2017/11/02 00:00:00+00,Escherichia coli (CFU),5500,=
24621,DR05,2017/12/05 10:03:34+00,Escherichia coli (CFU),7100,=
24631,DR05,2017/08/01 11:33:05+00,Escherichia coli (CFU),7800,=
24640,DR05,2017/01/10 10:08:41+00,Escherichia coli (CFU),9200,=
24685,DR01,2017/06/06 08:40:42+00,Escherichia coli (CFU),26000,=
24686,DR05,2017/02/07 09:30:18+00,Escherichia coli (CFU),27000,=
24698,DR05,2017/07/04 10:28:37+00,Escherichia coli (CFU),34000,=
24702,DR01,2017/02/07 09:20:26+00,Escherichia coli (CFU),41000,=
24710,DR01,2017/11/02 00:00:00+00,Escherichia coli (CFU),37000,=
24748,DR01,2017/01/10 09:51:20+00,Escherichia coli (CFU),52000,=
24761,DR01,2017/09/05 09:37:20+00,Escherichia coli (CFU),72000,=
24775,DR01,2017/12/05 09:41:36+00,Escherichia coli (CFU),89000,=
24806,DR01,2017/08/01 10:57:45+00,Escherichia coli (CFU),110000,=
24816,DR01,2017/07/04 10:13:36+00,Escherichia coli (CFU),250000,=
24817,DR01,2017/10/03 09:25:26+00,Escherichia coli (CFU),260000,=
24851,DR01,2017/05/02 00:00:00+00,Escherichia coli (CFU),420000,=
25027,DR01,2017/01/10 09:51:33+00,Nitrate + Nitrite as Nitrogen (MGL),0.05,<
25079,DR01,2017/02/07 09:20:34+00,Nitrate + Nitrite as Nitrogen (MGL),0.05,<
25111,DR01,2017/03/07 10:35:10+00,Nitrate + Nitrite as Nitrogen (MGL),0.05,<
25148,DR01,2017/04/04 09:32:55+00,Nitrate + Nitrite as Nitrogen (MGL),0.05,<
25181,DR01,2017/05/02 00:00:00+00,Nitrate + Nitrite as Nitrogen (MGL),0.05,<
25200,DR01,2017/06/06 08:40:55+00,Nitrate + Nitrite as Nitrogen (MGL),0.05,<
25205,DR01,2017/07/04 10:13:51+00,Nitrate + Nitrite as Nitrogen (MGL),0.05,<
25538,DR01,2017/08/01 10:58:02+00,Suspended Solids 105 C (MGL),5,<
25725,DR05,2017/04/04 09:51:42+00,Escherichia coli (CFU),100000,>
25731,DR01,2017/04/04 09:33:19+00,Escherichia coli (CFU),1000000,>
25761,DR05,2017/05/02 00:00:00+00,Escherichia coli (CFU),10000,>
25866,DR01,2018/06/28 00:00:00+00,Unionised Ammonia (MGL),0,=
25931,DR01,2018/09/18 00:00:00+00,Unionised Ammonia (MGL),0,=
26015,DR01,2018/08/28 09:47:54+00,Unionised Ammonia (MGL),0.001,=
26071,DR01,2018/03/06 10:20:15+00,Unionised Ammonia (MGL),0.002,=
26105,DR01,2018/07/26 00:00:00+00,Unionised Ammonia (MGL),0.002,=
26180,DR01,2018/10/02 09:48:46+00,Unionised Ammonia (MGL),0.003,=
26209,DR01,2018/05/08 00:00:00+00,Unionised Ammonia (MGL),0.005,=
26211,DR01,2018/01/09 00:00:00+00,Unionised Ammonia (MGL),0.004,=
26231,DR01,2018/11/08 00:00:00+00,Unionised Ammonia (MGL),0.004,=
26255,DR01,2018/02/06 10:22:59+00,Unionised Ammonia (MGL),0.007,=
26542,DR01,2018/12/06 00:00:00+00,Unionised Ammonia (MGL),0.017,=
26752,DR01,2018/09/18 00:00:00+00,Ortho-Phosphate (MGL),0.029,=
26890,DR01,2018/06/28 00:00:00+00,Ortho-Phosphate (MGL),0.041,=
26982,DR01,2018/12/06 00:00:00+00,Nitrate + Nitrite as Nitrogen (MGL),0.052,=
27100,DR01,2018/07/26 00:00:00+00,Ortho-Phosphate (MGL),0.062,=
27147,DR01,2018/08/28 09:47:54+00,Ortho-Phosphate (MGL),0.069,=
27437,DR01,2018/03/06 10:20:15+00,Ortho-Phosphate (MGL),0.101,=
27453,DR01,2018/10/02 09:48:46+00,Ortho-Phosphate (MGL),0.103,=
27533,DR01,2018/02/06 10:22:59+00,Ortho-Phosphate (MGL),0.111,=
27604,DR01,2018/05/08 00:00:00+00,Nitrate + Nitrite as Nitrogen (MGL),0.119,=
27643,DR01,2018/01/09 00:00:00+00,Ortho-Phosphate (MGL),0.122,=
27694,DR01,2018/06/28 00:00:00+00,ammonia (MGL),0.124,=
27823,DR01,2018/11/08 00:00:00+00,Ortho-Phosphate (MGL),0.142,=
27877,DR01,2018/09/18 00:00:00+00,ammonia (MGL),0.151,=
27912,DR01,2018/05/08 00:00:00+00,Ortho-Phosphate (MGL),0.154,=
27952,DR01,2018/06/28 00:00:00+00,Nitrate + Nitrite as Nitrogen (MGL),0.166,=
28030,DR01,2018/11/08 00:00:00+00,Nitrate + Nitrite as Nitrogen (MGL),0.174,=
28173,DR01,2018/09/18 00:00:00+00,Nitrate + Nitrite as Nitrogen (MGL),0.196,=
28515,DR01,2018/07/26 00:00:00+00,Nitrate + Nitrite as Nitrogen (MGL),0.275,=
28647,DR01,2018/08/28 09:47:54+00,Nitrate + Nitrite as Nitrogen (MGL),0.313,=
28780,DR01,2018/12/06 00:00:00+00,Ortho-Phosphate (MGL),0.378,=
28937,DR01,2018/08/28 09:47:54+00,ammonia (MGL),0.409,=
28949,DR01,2018/03/06 10:20:15+00,ammonia (MGL),0.417,=
29083,DR01,2018/10/02 09:48:46+00,Nitrate + Nitrite as Nitrogen (MGL),0.476,=
29526,DR01,2018/10/02 09:48:46+00,ammonia (MGL),0.676,=
29558,DR01,2018/07/26 00:00:00+00,ammonia (MGL),0.684,=
29804,DR01,2018/05/08 00:00:00+00,Dissolved Oxygen (MGL),0.8,=
30000,DR01,2018/01/09 00:00:00+00,Dissolved Oxygen (MGL),0.9,=
30367,DR01,2018/02/06 10:22:59+00,ammonia (MGL),1.091,=
30480,DR01,2018/11/08 00:00:00+00,ammonia (MGL),1.15,=
30756,DR01,2018/01/09 00:00:00+00,ammonia (MGL),1.36,=
31344,DR01,2018/05/08 00:00:00+00,ammonia (MGL),1.974,=
31357,DR01,2018/03/06 10:20:15+00,Dissolved Oxygen (MGL),2,=
31511,DR01,2018/02/06 10:22:59+00,Dissolved Oxygen (MGL),2.01,=
31926,DR01,2018/11/08 00:00:00+00,Dissolved Oxygen (MGL),2.5,=
31999,DR01,2018/12/06 00:00:00+00,Dissolved Oxygen (MGL),2.6,=
32585,DR01,2018/12/06 00:00:00+00,ammonia (MGL),3.36,=
33590,DR01,2018/07/26 00:00:00+00,Dissolved Oxygen (MGL),5.5,=
33751,DR01,2018/01/09 00:00:00+00,Suspended Solids 105 C (MGL),6,=
34005,DR01,2018/10/02 09:48:46+00,Dissolved Oxygen (MGL),6.47,=
34042,DR01,2018/06/28 00:00:00+00,pH (PH_NONE),6.6,=
34135,DR01,2018/08/28 09:47:54+00,pH (PH_NONE),6.8,=
34172,DR01,2018/01/09 00:00:00+00,pH (PH_NONE),6.9,=
34225,DR01,2018/03/06 10:20:15+00,pH (PH_NONE),7,=
34277,DR01,2018/05/08 00:00:00+00,Suspended Solids 105 C (MGL),7,=
34339,DR01,2018/09/18 00:00:00+00,pH (PH_NONE),7,=
34363,DR01,2018/11/08 00:00:00+00,pH (PH_NONE),7,=
34396,DR01,2018/02/06 10:22:59+00,pH (PH_NONE),7.1,=
34451,DR01,2018/10/02 09:48:46+00,pH (PH_NONE),7.1,=
34462,DR01,2018/07/26 00:00:00+00,pH (PH_NONE),7.1,=
34475,DR01,2018/12/06 00:00:00+00,pH (PH_NONE),7.1,=
35995,DR01,2018/05/08 00:00:00+00,Oxygen Saturation (PC),8,=
36416,DR01,2018/09/18 00:00:00+00,Dissolved Oxygen (MGL),8.7,=
36506,DR01,2018/08/28 09:47:54+00,Dissolved Oxygen (MGL),8.97,=
36565,DR01,2018/06/28 00:00:00+00,Dissolved Oxygen (MGL),9,=
36917,DR01,2018/01/09 00:00:00+00,Oxygen Saturation (PC),10,=
37463,DR01,2018/06/28 00:00:00+00,Temperature (CELSIUS),11.4,=
37819,DR01,2018/08/28 09:47:54+00,Temperature (CELSIUS),13,=
37949,DR01,2018/09/18 00:00:00+00,Temperature (CELSIUS),13.6,=
38004,DR01,2018/07/26 00:00:00+00,Temperature (CELSIUS),13.9,=
38254,DR01,2018/10/02 09:48:46+00,Temperature (CELSIUS),14.8,=
38313,DR01,2018/03/06 10:20:15+00,Suspended Solids 105 C (MGL),15,=
38602,DR01,2018/05/08 00:00:00+00,Temperature (CELSIUS),15.9,=
38719,DR01,2018/11/08 00:00:00+00,Temperature (CELSIUS),16.2,=
39026,DR01,2018/08/28 09:47:54+00,Conductivity (MSM),18,=
39027,DR01,2018/08/28 09:47:54+00,Suspended Solids 105 C (MGL),18,=
39167,DR01,2018/01/09 00:00:00+00,Temperature (CELSIUS),18.6,=
39219,DR01,2018/12/06 00:00:00+00,Temperature (CELSIUS),18.9,=
39511,DR01,2018/06/28 00:00:00+00,Conductivity (MSM),20,=
39526,DR01,2018/09/18 00:00:00+00,Conductivity (MSM),20,=
39641,DR05,2018/07/26 00:00:00+00,Escherichia coli (CFU),20,=
39763,DR01,2018/03/06 10:20:15+00,Temperature (CELSIUS),20.7,=
39879,DR01,2018/02/06 10:22:59+00,Temperature (CELSIUS),21.2,=
40017,DR01,2018/03/06 10:20:15+00,Oxygen Saturation (PC),22,=
40026,DR01,2018/10/02 09:48:46+00,Suspended Solids 105 C (MGL),22,=
40149,DR01,2018/02/06 10:22:59+00,Oxygen Saturation (PC),23,=
40478,DR01,2018/11/08 00:00:00+00,Oxygen Saturation (PC),25,=
40763,DR01,2018/12/06 00:00:00+00,Oxygen Saturation (PC),28,=
41421,DR01,2018/10/02 09:48:46+00,Conductivity (MSM),35,=
41470,DR01,2018/06/28 00:00:00+00,Escherichia coli (CFU),35,=
41523,DR01,2018/01/09 00:00:00+00,Conductivity (MSM),36,=
42067,DR01,2018/05/08 00:00:00+00,Conductivity (MSM),42,=
42121,DR01,2018/12/06 00:00:00+00,Conductivity (MSM),43,=
42182,DR01,2018/07/26 00:00:00+00,Conductivity (MSM),44,=
42258,DR01,2018/11/08 00:00:00+00,Conductivity (MSM),45,=
42334,DR01,2018/03/06 10:20:15+00,Conductivity (MSM),47,=
42719,DR01,2018/07/26 00:00:00+00,Oxygen Saturation (PC),53,=
43066,DR01,2018/02/06 10:22:59+00,Conductivity (MSM),60,=
43451,DR01,2018/10/02 09:48:46+00,Oxygen Saturation (PC),64,=
44257,DR05,2018/08/28 10:02:54+00,Escherichia coli (CFU),78,=
44596,DR01,2018/06/28 00:00:00+00,Oxygen Saturation (PC),82,=
44653,DR01,2018/09/18 00:00:00+00,Oxygen Saturation (PC),83,=
44715,DR01,2018/08/28 09:47:54+00,Oxygen Saturation (PC),85,=
44777,DR01,2018/09/18 00:00:00+00,Suspended Solids 105 C (MGL),86,=
45118,DR01,2018/07/26 00:00:00+00,Suspended Solids 105 C (MGL),92,=
47098,DR05,2018/06/28 00:00:00+00,Escherichia coli (CFU),180,=
47590,DR05,2018/03/06 10:07:03+00,Escherichia coli (CFU),286,=
48028,DR01,2018/03/06 10:21:54+00,Escherichia coli (CFU),600,=
48260,DR01,2018/02/06 10:22:49+00,Escherichia coli (CFU),1400,=
48393,DR01,2018/11/08 09:10:00+00,Escherichia coli (CFU),2700,=
48578,DR05,2018/01/19 00:00:00+00,Escherichia coli (CFU),16000,=
48588,DR05,2018/05/08 00:00:00+00,Escherichia coli (CFU),13400,=
48598,DR01,2018/08/28 09:47:44+00,Escherichia coli (CFU),20000,=
48630,DR01,2018/09/18 00:00:00+00,Escherichia coli (CFU),27000,=
48664,DR05,2018/11/08 09:25:00+00,Escherichia coli (CFU),40000,=
48691,DR05,2018/02/06 10:34:24+00,Escherichia coli (CFU),69000,=
48708,DR01,2018/05/08 00:00:00+00,Escherichia coli (CFU),82000,=
48768,DR01,2018/01/09 00:00:00+00,Escherichia coli (CFU),250000,=
48840,DR01,2018/12/06 00:00:00+00,Escherichia coli (CFU),680000,=
49055,DR01,2018/01/09 00:00:00+00,Nitrate + Nitrite as Nitrogen (MGL),0.05,<
49069,DR01,2018/02/06 10:22:59+00,Nitrate + Nitrite as Nitrogen (MGL),0.05,<
49121,DR01,2018/03/06 10:20:15+00,Nitrate + Nitrite as Nitrogen (MGL),0.05,<
49456,DR01,2018/02/06 10:22:59+00,Suspended Solids 105 C (MGL),5,<
49529,DR01,2018/06/28 00:00:00+00,Suspended Solids 105 C (MGL),5,<
49669,DR01,2018/11/08 00:00:00+00,Suspended Solids 105 C (MGL),5,<
49687,DR01,2018/12/06 00:00:00+00,Suspended Solids 105 C (MGL),5,<
49732,DR01,2018/10/02 09:50:00+00,Escherichia coli (CFU),100000,>
49748,DR05,2018/09/18 00:00:00+00,Escherichia coli (CFU),10000,>
49751,DR05,2018/10/02 09:56:00+00,Escherichia coli (CFU),10000,>
49759,DR05,2018/12/06 00:00:00+00,Escherichia coli (CFU),100000,>
49932,DR01,2019/06/04 00:00:00+00,Unionised Ammonia (MGL),0.002,=
49948,DR01,2019/11/05 00:00:00+00,Unionised Ammonia (MGL),0.002,=
49957,DR01,2019/02/07 10:38:50+00,Unionised Ammonia (MGL),0.004,=
50112,DR01,2019/03/05 00:00:00+00,Unionised Ammonia (MGL),0.009,=
50285,DR01,2019/09/03 09:59:09+00,Ortho-Phosphate (MGL),0.019,=
50473,DR01,2019/12/02 00:00:00+00,ammonia (MGL),0.0279,=
50580,DR01,2019/04/02 00:00:00+00,Unionised Ammonia (MGL),0.033,=
50593,DR01,2019/05/07 00:00:00+00,Unionised Ammonia (MGL),0.036,=
50689,DR01,2019/08/06 09:46:48+00,Ortho-Phosphate (MGL),0.044,=
50733,DR01,2019/06/04 00:00:00+00,Ortho-Phosphate (MGL),0.047,=
50788,DR01,2019/07/02 00:00:00+00,ammonia (MGL),0.0501,=
50808,DR01,2019/11/05 00:00:00+00,Nitrate + Nitrite as Nitrogen (MGL),0.053,=
50842,DR01,2019/08/06 09:46:48+00,ammonia (MGL),0.0582,=
50849,DR01,2019/10/01 00:00:00+00,Ortho-Phosphate (MGL),0.059,=
50850,DR01,2019/11/05 00:00:00+00,Ortho-Phosphate (MGL),0.059,=
50957,DR01,2019/07/02 00:00:00+00,Ortho-Phosphate (MGL),0.07,=
51031,DR01,2019/12/02 00:00:00+00,Ortho-Phosphate (MGL),0.077,=
51065,DR01,2019/01/10 00:00:00+00,Ortho-Phosphate (MGL),0.081,=
51415,DR01,2019/02/07 10:38:50+00,Ortho-Phosphate (MGL),0.122,=
51432,DR01,2019/06/04 00:00:00+00,Nitrate + Nitrite as Nitrogen (MGL),0.123,=
51505,DR01,2019/09/03 09:59:09+00,ammonia (MGL),0.136,=
51518,DR01,2019/03/05 00:00:00+00,Ortho-Phosphate (MGL),0.134,=
51596,DR01,2019/09/03 09:59:09+00,Nitrate + Nitrite as Nitrogen (MGL),0.148,=
51769,DR01,2019/10/01 00:00:00+00,ammonia (MGL),0.177,=
51786,DR01,2019/04/02 00:00:00+00,Nitrate + Nitrite as Nitrogen (MGL),0.172,=
51948,DR01,2019/08/06 09:46:48+00,Nitrate + Nitrite as Nitrogen (MGL),0.209,=
52063,DR01,2019/01/10 00:00:00+00,Nitrate + Nitrite as Nitrogen (MGL),0.234,=
52163,DR01,2019/07/02 00:00:00+00,Nitrate + Nitrite as Nitrogen (MGL),0.273,=
52377,DR01,2019/04/02 00:00:00+00,Ortho-Phosphate (MGL),0.346,=
52544,DR01,2019/05/07 00:00:00+00,Ortho-Phosphate (MGL),0.4,=
52636,DR01,2019/02/07 10:38:50+00,ammonia (MGL),0.441,=
52660,DR01,2019/11/05 00:00:00+00,ammonia (MGL),0.452,=
53117,DR01,2019/01/10 00:00:00+00,ammonia (MGL),0.647,=
53315,DR01,2019/06/04 00:00:00+00,ammonia (MGL),0.776,=
53378,DR01,2019/04/02 00:00:00+00,Dissolved Oxygen (MGL),0.8,=
54221,DR01,2019/06/04 00:00:00+00,Dissolved Oxygen (MGL),1.4,=
54564,DR01,2019/03/05 00:00:00+00,ammonia (MGL),1.77,=
54844,DR01,2019/05/07 00:00:00+00,Dissolved Oxygen (MGL),2,=
55039,DR01,2019/02/07 10:38:50+00,Dissolved Oxygen (MGL),2.14,=
55284,DR01,2019/03/05 00:00:00+00,Dissolved Oxygen (MGL),2.5,=
55537,DR01,2019/01/10 00:00:00+00,Dissolved Oxygen (MGL),2.9,=
56627,DR01,2019/04/02 00:00:00+00,ammonia (MGL),4.78,=
56639,DR01,2019/12/02 00:00:00+00,Dissolved Oxygen (MGL),4.8,=
56948,DR01,2019/10/01 00:00:00+00,Dissolved Oxygen (MGL),5.5,=
57139,DR01,2019/09/03 09:59:09+00,Suspended Solids 105 C (MGL),6,=
57357,DR01,2019/08/06 09:46:48+00,pH (PH_NONE),6.7,=
57454,DR01,2019/07/02 00:00:00+00,pH (PH_NONE),6.9,=
57459,DR01,2019/10/01 00:00:00+00,pH (PH_NONE),6.9,=
57510,DR01,2019/03/05 00:00:00+00,pH (PH_NONE),7,=
57539,DR01,2019/09/03 09:59:09+00,pH (PH_NONE),7,=
57547,DR01,2019/06/04 00:00:00+00,pH (PH_NONE),7,=
57602,DR01,2019/11/05 00:00:00+00,Dissolved Oxygen (MGL),7,=
57639,DR01,2019/05/07 00:00:00+00,ammonia (MGL),7.08,=
57697,DR01,2019/11/05 00:00:00+00,pH (PH_NONE),7.1,=
57702,DR01,2019/12/02 00:00:00+00,pH (PH_NONE),7.1,=
57739,DR01,2019/02/07 10:38:50+00,pH (PH_NONE),7.2,=
57757,DR01,2019/01/10 00:00:00+00,pH (PH_NONE),7.2,=
57778,DR01,2019/05/07 00:00:00+00,pH (PH_NONE),7.2,=
57880,DR01,2019/04/02 00:00:00+00,pH (PH_NONE),7.3,=
57897,DR01,2019/07/02 00:00:00+00,Dissolved Oxygen (MGL),7.3,=
59109,DR01,2019/04/02 00:00:00+00,Oxygen Saturation (PC),8,=
59154,DR01,2019/07/02 00:00:00+00,Suspended Solids 105 C (MGL),8,=
59659,DR01,2019/08/06 09:46:48+00,Dissolved Oxygen (MGL),8.99,=
60261,DR01,2019/09/03 09:59:09+00,Dissolved Oxygen (MGL),10.16,=
60525,DR01,2019/12/02 00:00:00+00,Suspended Solids 105 C (MGL),11,=
61063,DR01,2019/09/03 09:59:09+00,Temperature (CELSIUS),13.4,=
61101,DR01,2019/07/02 00:00:00+00,Temperature (CELSIUS),13.5,=
61137,DR01,2019/08/06 09:46:48+00,Temperature (CELSIUS),13.8,=
61211,DR01,2019/04/02 00:00:00+00,Suspended Solids 105 C (MGL),14,=
61224,DR01,2019/08/06 09:46:48+00,Conductivity (MSM),14,=
61234,DR01,2019/06/04 00:00:00+00,Oxygen Saturation (PC),14,=
61255,DR01,2019/10/01 00:00:00+00,Suspended Solids 105 C (MGL),14,=
61489,DR01,2019/06/04 00:00:00+00,Temperature (CELSIUS),15,=
61591,DR01,2019/10/01 00:00:00+00,Temperature (CELSIUS),15.1,=
61645,DR01,2019/05/07 00:00:00+00,Temperature (CELSIUS),15.4,=
61879,DR01,2019/04/02 00:00:00+00,Temperature (CELSIUS),16.4,=
62256,DR01,2019/11/05 00:00:00+00,Suspended Solids 105 C (MGL),18,=
62524,DR01,2019/12/02 00:00:00+00,Temperature (CELSIUS),19.4,=
62558,DR01,2019/11/05 00:00:00+00,Temperature (CELSIUS),19.6,=
62715,DR01,2019/05/07 00:00:00+00,Oxygen Saturation (PC),20,=
63125,DR01,2019/08/06 09:46:48+00,Suspended Solids 105 C (MGL),22,=
63221,DR01,2019/03/05 00:00:00+00,Temperature (CELSIUS),22.6,=
63258,DR01,2019/01/10 00:00:00+00,Temperature (CELSIUS),22.8,=
63319,DR01,2019/05/07 00:00:00+00,Suspended Solids 105 C (MGL),23,=
63326,DR01,2019/09/03 09:59:09+00,Conductivity (MSM),23,=
63480,DR01,2019/07/02 00:00:00+00,Conductivity (MSM),24,=
63494,DR01,2019/02/07 10:38:50+00,Temperature (CELSIUS),24.2,=
63725,DR01,2019/02/07 10:38:50+00,Oxygen Saturation (PC),26,=
63972,DR01,2019/03/05 00:00:00+00,Oxygen Saturation (PC),29,=
64242,DR01,2019/03/05 00:00:00+00,Conductivity (MSM),31,=
64416,DR01,2019/01/10 00:00:00+00,Oxygen Saturation (PC),34,=
64630,DR01,2019/11/05 00:00:00+00,Conductivity (MSM),37,=
64955,DR01,2019/10/01 00:00:00+00,Conductivity (MSM),41,=
65123,DR01,2019/12/02 00:00:00+00,Conductivity (MSM),44,=
65165,DR01,2019/06/04 00:00:00+00,Conductivity (MSM),45,=
65227,DR01,2019/02/07 10:38:50+00,Conductivity (MSM),50,=
65374,DR01,2019/10/01 00:00:00+00,Oxygen Saturation (PC),54,=
65408,DR01,2019/05/07 00:00:00+00,Conductivity (MSM),55,=
65482,DR01,2019/04/02 00:00:00+00,Conductivity (MSM),57,=
66094,DR01,2019/01/10 00:00:00+00,Conductivity (MSM),65,=
66403,DR01,2019/07/02 00:00:00+00,Oxygen Saturation (PC),70,=
66728,DR01,2019/11/05 00:00:00+00,Oxygen Saturation (PC),76,=
67243,DR01,2019/08/06 09:46:48+00,Oxygen Saturation (PC),86,=
67723,DR01,2019/09/03 09:59:09+00,Oxygen Saturation (PC),97,=
69141,DR05,2019/02/07 10:52:00+00,Escherichia coli (CFU),140,=
70481,DR05,2019/11/05 00:00:00+00,Escherichia coli (CFU),840,=
70509,DR01,2019/02/07 10:38:37+00,Escherichia coli (CFU),1200,=
70592,DR05,2019/12/02 00:00:00+00,Escherichia coli (CFU),1800,=
70629,DR05,2019/05/07 00:00:00+00,Escherichia coli (CFU),2100,=
70718,DR01,2019/01/10 00:00:00+00,Escherichia coli (CFU),3500,=
70720,DR05,2019/10/01 00:00:00+00,Escherichia coli (CFU),3500,=
70756,DR05,2019/07/02 00:00:00+00,Escherichia coli (CFU),4100,=
70769,DR05,2019/06/04 00:00:00+00,Escherichia coli (CFU),3900,=
70799,DR01,2019/11/05 00:00:00+00,Escherichia coli (CFU),4300,=
70800,DR01,2019/12/02 00:00:00+00,Escherichia coli (CFU),4300,=
70805,DR05,2019/09/03 10:13:30+00,Escherichia coli (CFU),5400,=
70824,DR01,2019/10/01 00:00:00+00,Escherichia coli (CFU),7200,=
70856,DR05,2019/04/02 00:00:00+00,Escherichia coli (CFU),16000,=
70873,DR05,2019/08/06 09:58:54+00,Escherichia coli (CFU),25000,=
70914,DR01,2019/09/03 09:58:56+00,Escherichia coli (CFU),36000,=
70953,DR01,2019/04/02 00:00:00+00,Escherichia coli (CFU),41000,=
71077,DR01,2019/05/07 00:00:00+00,Escherichia coli (CFU),330000,=
71210,DR01,2019/07/02 00:00:00+00,Unionised Ammonia (MGL),0.001,<
71223,DR01,2019/08/06 09:46:48+00,Unionised Ammonia (MGL),0.001,<
71230,DR01,2019/09/03 09:59:09+00,Unionised Ammonia (MGL),0.001,<
71303,DR01,2019/10/01 00:00:00+00,Unionised Ammonia (MGL),0.001,<
71332,DR01,2019/12/02 00:00:00+00,Unionised Ammonia (MGL),0.001,<
71406,DR01,2019/02/07 10:38:50+00,Nitrate + Nitrite as Nitrogen (MGL),0.05,<
71498,DR01,2019/05/07 00:00:00+00,Nitrate + Nitrite as Nitrogen (MGL),0.05,<
71551,DR01,2019/10/01 00:00:00+00,Nitrate + Nitrite as Nitrogen (MGL),0.05,<
72022,DR05,2019/01/10 11:42:00+00,Escherichia coli (CFU),10,<
72044,DR01,2019/06/04 00:00:00+00,Escherichia coli (CFU),100,<
72050,DR01,2019/02/07 10:38:50+00,Suspended Solids 105 C (MGL),5,<
72177,DR01,2019/06/04 00:00:00+00,Suspended Solids 105 C (MGL),5,<
72344,DR01,2019/08/06 09:46:21+00,Escherichia coli (CFU),10000,>
72524,DR01,2020/09/01 00:00:00+00,Unionised Ammonia (MGL),0.001,=
72574,DR01,2020/03/03 00:00:00+00,Unionised Ammonia (MGL),0.003,=
72588,DR01,2020/06/01 00:00:00+00,Unionised Ammonia (MGL),0.002,=
72632,DR01,2020/05/13 00:00:00+00,Unionised Ammonia (MGL),0.004,=
72780,DR01,2020/10/01 00:00:00+00,Unionised Ammonia (MGL),0.008,=
72804,DR01,2020/11/05 00:00:00+00,Unionised Ammonia (MGL),0.011,=
73196,DR01,2020/02/04 00:00:00+00,Unionised Ammonia (MGL),0.032,=
73208,DR01,2020/08/04 00:00:00+00,ammonia (MGL),0.0311,=
73257,DR01,2020/04/08 11:11:14+00,Unionised Ammonia (MGL),0.037,=
73419,DR01,2020/09/01 00:00:00+00,Ortho-Phosphate (MGL),0.053,=
73510,DR01,2020/07/02 00:00:00+00,Ortho-Phosphate (MGL),0.062,=
73628,DR01,2020/04/08 11:11:14+00,Nitrate + Nitrite as Nitrogen (MGL),0.075,=
73670,DR01,2020/08/04 00:00:00+00,Ortho-Phosphate (MGL),0.08,=
73699,DR01,2020/12/07 10:29:00+00,Unionised Ammonia (MGL),0.081,=
73863,DR01,2020/05/13 00:00:00+00,Ortho-Phosphate (MGL),0.103,=
73989,DR01,2020/10/01 00:00:00+00,Ortho-Phosphate (MGL),0.113,=
73999,DR01,2020/06/01 00:00:00+00,Ortho-Phosphate (MGL),0.12,=
74220,DR01,2020/06/01 00:00:00+00,Nitrate + Nitrite as Nitrogen (MGL),0.151,=
74594,DR01,2020/09/01 00:00:00+00,Nitrate + Nitrite as Nitrogen (MGL),0.214,=
74636,DR01,2020/07/02 00:00:00+00,Nitrate + Nitrite as Nitrogen (MGL),0.239,=
74785,DR01,2020/07/02 00:00:00+00,ammonia (MGL),0.272,=
74807,DR01,2020/08/04 00:00:00+00,Nitrate + Nitrite as Nitrogen (MGL),0.285,=
74950,DR01,2020/11/05 00:00:00+00,Ortho-Phosphate (MGL),0.332,=
75182,DR01,2020/10/01 00:00:00+00,Nitrate + Nitrite as Nitrogen (MGL),0.407,=
75201,DR01,2020/01/02 00:00:00+00,Ortho-Phosphate (MGL),0.426,=
75306,DR01,2020/02/04 00:00:00+00,Ortho-Phosphate (MGL),0.46,=
75576,DR01,2020/06/01 00:00:00+00,ammonia (MGL),0.565,=
75920,DR01,2020/09/01 00:00:00+00,ammonia (MGL),0.742,=
76056,DR01,2020/04/08 11:11:14+00,Ortho-Phosphate (MGL),0.828,=
76248,DR01,2020/12/07 10:29:00+00,Ortho-Phosphate (MGL),0.939,=
76452,DR01,2020/11/05 00:00:00+00,Dissolved Oxygen (MGL),1,=
76934,DR01,2020/04/08 11:11:14+00,Dissolved Oxygen (MGL),1.38,=
77114,DR01,2020/12/07 10:29:00+00,Dissolved Oxygen (MGL),1.49,=
77279,DR01,2020/05/13 00:00:00+00,ammonia (MGL),1.67,=
77326,DR01,2020/03/03 00:00:00+00,Dissolved Oxygen (MGL),1.7,=
77677,DR01,2020/05/13 00:00:00+00,Dissolved Oxygen (MGL),2,=
78071,DR01,2020/10/01 00:00:00+00,ammonia (MGL),2.36,=
78182,DR01,2020/01/02 00:00:00+00,Dissolved Oxygen (MGL),2.5,=
78327,DR01,2020/11/05 00:00:00+00,ammonia (MGL),2.76,=
78432,DR01,2020/02/04 00:00:00+00,Dissolved Oxygen (MGL),2.9,=
79469,DR01,2020/02/04 00:00:00+00,ammonia (MGL),4.55,=
79910,DR01,2020/01/02 00:00:00+00,ammonia (MGL),5.57,=
80335,DR01,2020/03/03 00:00:00+00,pH (PH_NONE),6.7,=
80425,DR01,2020/05/13 00:00:00+00,pH (PH_NONE),6.9,=
80430,DR01,2020/08/04 00:00:00+00,Dissolved Oxygen (MGL),6.9,=
80433,DR01,2020/09/01 00:00:00+00,pH (PH_NONE),6.9,=
80507,DR01,2020/06/01 00:00:00+00,pH (PH_NONE),7,=
80571,DR01,2020/10/01 00:00:00+00,Suspended Solids 105 C (MGL),7,=
80589,DR01,2020/11/05 00:00:00+00,pH (PH_NONE),7,=
80638,DR01,2020/01/02 00:00:00+00,pH (PH_NONE),7.1,=
80646,DR01,2020/04/08 11:11:14+00,pH (PH_NONE),7.1,=
80647,DR01,2020/02/04 00:00:00+00,pH (PH_NONE),7.1,=
80664,DR01,2020/07/02 00:00:00+00,pH (PH_NONE),7.1,=
80678,DR01,2020/10/01 00:00:00+00,pH (PH_NONE),7.1,=
80783,DR01,2020/08/04 00:00:00+00,pH (PH_NONE),7.2,=
80816,DR01,2020/12/07 10:29:00+00,pH (PH_NONE),7.2,=
81743,DR01,2020/06/01 00:00:00+00,Dissolved Oxygen (MGL),7.7,=
82186,DR01,2020/07/02 00:00:00+00,Dissolved Oxygen (MGL),8,=
82387,DR01,2020/04/08 11:11:14+00,ammonia (MGL),8.23,=
82559,DR01,2020/10/01 00:00:00+00,Dissolved Oxygen (MGL),8.5,=
82706,DR01,2020/04/08 11:11:14+00,Suspended Solids 105 C (MGL),9,=
83155,DR01,2020/08/04 00:00:00+00,Suspended Solids 105 C (MGL),10,=
83351,DR01,2020/09/01 00:00:00+00,Dissolved Oxygen (MGL),10.6,=
83472,DR01,2020/11/05 00:00:00+00,Oxygen Saturation (PC),11,=
83593,DR01,2020/09/01 00:00:00+00,Temperature (CELSIUS),11.9,=
83605,DR01,2020/12/07 10:29:00+00,ammonia (MGL),11.8,=
83697,DR01,2020/11/05 00:00:00+00,Suspended Solids 105 C (MGL),12,=
83867,DR01,2020/02/04 00:00:00+00,Suspended Solids 105 C (MGL),13,=
83910,DR01,2020/10/01 00:00:00+00,Temperature (CELSIUS),13,=
83961,DR01,2020/08/04 00:00:00+00,Temperature (CELSIUS),13.3,=
83994,DR01,2020/07/02 00:00:00+00,Temperature (CELSIUS),13.4,=
84074,DR01,2020/04/08 11:11:14+00,Oxygen Saturation (PC),14,=
84339,DR01,2020/07/02 00:00:00+00,Suspended Solids 105 C (MGL),15,=
84594,DR01,2020/12/07 10:29:00+00,Oxygen Saturation (PC),16,=
84602,DR01,2020/05/13 00:00:00+00,Temperature (CELSIUS),16.1,=
84713,DR01,2020/04/08 11:11:14+00,Temperature (CELSIUS),16.9,=
84923,DR01,2020/03/03 00:00:00+00,Oxygen Saturation (PC),18,=
84987,DR01,2020/11/05 00:00:00+00,Temperature (CELSIUS),18.1,=
85000,DR01,2020/06/01 00:00:00+00,Temperature (CELSIUS),18.3,=
85194,DR01,2020/03/03 00:00:00+00,Temperature (CELSIUS),19.3,=
85271,DR01,2020/12/07 10:29:00+00,Temperature (CELSIUS),19.6,=
85350,DR01,2020/05/13 00:00:00+00,Oxygen Saturation (PC),20,=
85370,DR01,2020/09/01 00:00:00+00,Conductivity (MSM),20,=
85515,DR01,2020/01/02 00:00:00+00,Temperature (CELSIUS),20.5,=
85668,DR01,2020/12/07 10:29:00+00,Suspended Solids 105 C (MGL),21,=
85984,DR01,2020/02/04 00:00:00+00,Temperature (CELSIUS),23.2,=
86047,DR01,2020/01/02 00:00:00+00,Suspended Solids 105 C (MGL),24,=
86094,DR01,2020/09/01 00:00:00+00,Suspended Solids 105 C (MGL),24,=
86401,DR01,2020/01/02 00:00:00+00,Oxygen Saturation (PC),28,=
86814,DR01,2020/02/04 00:00:00+00,Oxygen Saturation (PC),34,=
86896,DR01,2020/10/01 00:00:00+00,Conductivity (MSM),35,=
86937,DR01,2020/07/02 00:00:00+00,Conductivity (MSM),36,=
87431,DR01,2020/01/02 00:00:00+00,Conductivity (MSM),46,=
87625,DR01,2020/03/03 00:00:00+00,Conductivity (MSM),56,=
87716,DR01,2020/02/04 00:00:00+00,Conductivity (MSM),58,=
87752,DR01,2020/12/07 10:29:00+00,Conductivity (MSM),58,=
88080,DR01,2020/04/08 11:11:14+00,Conductivity (MSM),63,=
88245,DR01,2020/08/04 00:00:00+00,Oxygen Saturation (PC),66,=
88747,DR01,2020/07/02 00:00:00+00,Oxygen Saturation (PC),76,=
88968,DR01,2020/10/01 00:00:00+00,Oxygen Saturation (PC),80,=
88980,DR05,2020/02/04 00:00:00+00,Escherichia coli (CFU),80,=
89105,DR01,2020/06/01 00:00:00+00,Oxygen Saturation (PC),82,=
89741,DR01,2020/09/01 00:00:00+00,Oxygen Saturation (PC),98,=
92355,DR05,2020/07/02 00:00:00+00,Escherichia coli (CFU),1300,=
92415,DR01,2020/08/04 00:00:00+00,Escherichia coli (CFU),1900,=
92444,DR05,2020/01/02 00:00:00+00,Escherichia coli (CFU),2200,=
92542,DR05,2020/08/04 00:00:00+00,Escherichia coli (CFU),3300,=
92632,DR05,2020/06/01 00:00:00+00,Escherichia coli (CFU),6000,=
92653,DR01,2020/07/02 00:00:00+00,Escherichia coli (CFU),5400,=
92675,DR01,2020/06/01 00:00:00+00,Escherichia coli (CFU),9200,=
92700,DR01,2020/03/03 00:00:00+00,Escherichia coli (CFU),7400,=
92848,DR05,2020/04/08 10:58:19+00,Escherichia coli (CFU),98000,=
92893,DR05,2020/10/01 00:00:00+00,Escherichia coli (CFU),75000,=
92903,DR01,2020/10/01 00:00:00+00,Escherichia coli (CFU),67000,=
92913,DR01,2020/04/08 11:10:50+00,Escherichia coli (CFU),710000,=
93110,DR01,2020/08/04 00:00:00+00,Unionised Ammonia (MGL),0.001,<
93396,DR01,2020/01/02 00:00:00+00,Nitrate + Nitrite as Nitrogen (MGL),0.05,<
93431,DR01,2020/02/04 00:00:00+00,Nitrate + Nitrite as Nitrogen (MGL),0.05,<
93462,DR01,2020/03/03 00:00:00+00,Nitrate + Nitrite as Nitrogen (MGL),0.05,<
93506,DR01,2020/05/13 00:00:00+00,Nitrate + Nitrite as Nitrogen (MGL),0.05,<
93601,DR01,2020/11/05 00:00:00+00,Nitrate + Nitrite as Nitrogen (MGL),0.05,<
93616,DR01,2020/12/07 10:29:00+00,Nitrate + Nitrite as Nitrogen (MGL),0.05,<
94031,DR01,2020/03/03 00:00:00+00,Suspended Solids 105 C (MGL),5,<
94056,DR01,2020/06/01 00:00:00+00,Suspended Solids 105 C (MGL),5,<
94217,DR01,2020/01/02 00:00:00+00,Escherichia coli (CFU),1000000,>
94232,DR01,2020/02/04 00:00:00+00,Escherichia coli (CFU),100000,>
94235,DR05,2020/03/03 00:00:00+00,Escherichia coli (CFU),100000,>
94248,DR01,2020/09/01 00:00:00+00,Escherichia coli (CFU),100000,>
94254,DR01,2020/11/05 00:00:00+00,Escherichia coli (CFU),100000,>
94255,DR05,2020/11/05 00:00:00+00,Escherichia coli (CFU),100000,>
94263,DR05,2020/09/01 00:00:00+00,Escherichia coli (CFU),10000,>
94273,DR01,2020/12/07 10:28:45+00,Escherichia coli (CFU),1000000,>
94274,DR05,2020/12/07 10:39:01+00,Escherichia coli (CFU),1000000,>
94403,DR01,2021/11/11 00:00:00+00,Unionised Ammonia (MGL),0.002,=
94446,DR01,2021/04/08 00:00:00+00,Unionised Ammonia (MGL),0.004,=
94483,DR01,2021/12/09 00:00:00+00,Unionised Ammonia (MGL),0.003,=
94844,DR01,2021/03/08 00:00:00+00,Unionised Ammonia (MGL),0.028,=
94903,DR01,2021/05/06 00:00:00+00,Unionised Ammonia (MGL),0.036,=
95121,DR01,2021/01/11 09:58:54+00,Nitrate + Nitrite as Nitrogen (MGL),0.064,=
95163,DR01,2021/11/11 00:00:00+00,Ortho-Phosphate (MGL),0.064,=
95277,DR01,2021/01/11 09:58:54+00,Unionised Ammonia (MGL),0.099,=
95290,DR01,2021/05/06 00:00:00+00,Nitrate + Nitrite as Nitrogen (MGL),0.092,=
95397,DR01,2021/12/09 00:00:00+00,Nitrate + Nitrite as Nitrogen (MGL),0.103,=
95742,DR01,2021/04/08 00:00:00+00,Ortho-Phosphate (MGL),0.158,=
95932,DR01,2021/10/14 00:00:00+00,Ortho-Phosphate (MGL),0.266,=
96273,DR01,2021/11/11 00:00:00+00,ammonia (MGL),0.413,=
96563,DR01,2021/12/09 00:00:00+00,ammonia (MGL),0.572,=
96662,DR01,2021/05/06 00:00:00+00,Ortho-Phosphate (MGL),0.617,=
96806,DR01,2021/03/08 00:00:00+00,Ortho-Phosphate (MGL),0.711,=
96895,DR01,2021/02/08 00:00:00+00,Ortho-Phosphate (MGL),0.792,=
96919,DR01,2021/01/11 09:58:54+00,Ortho-Phosphate (MGL),0.821,=
97319,DR01,2021/02/08 00:00:00+00,Dissolved Oxygen (MGL),1.1,=
97569,DR01,2021/04/08 00:00:00+00,ammonia (MGL),1.34,=
97874,DR01,2021/10/14 00:00:00+00,ammonia (MGL),1.794,=
97888,DR01,2021/12/09 00:00:00+00,Dissolved Oxygen (MGL),1.8,=
98062,DR01,2021/05/06 00:00:00+00,Dissolved Oxygen (MGL),2,=
98174,DR01,2021/03/08 00:00:00+00,Dissolved Oxygen (MGL),2.1,=
98228,DR01,2021/11/11 00:00:00+00,Dissolved Oxygen (MGL),2.2,=
98230,DR01,2021/01/11 09:58:54+00,Dissolved Oxygen (MGL),2.21,=
98677,DR01,2021/04/08 00:00:00+00,Dissolved Oxygen (MGL),3,=
99135,DR01,2021/10/14 00:00:00+00,Dissolved Oxygen (MGL),4,=
99472,DR01,2021/03/08 00:00:00+00,Suspended Solids 105 C (MGL),5,=
99522,DR01,2021/11/11 00:00:00+00,Suspended Solids 105 C (MGL),5,=
99918,DR01,2021/03/08 00:00:00+00,ammonia (MGL),6.4,=
100052,DR01,2021/04/08 00:00:00+00,pH (PH_NONE),6.8,=
100062,DR01,2021/07/01 00:00:00+00,pH (PH_NONE),6.8,=
100104,DR01,2021/06/03 00:00:00+00,pH (PH_NONE),6.9,=
100114,DR01,2021/08/05 00:00:00+00,Dissolved Oxygen (MGL),6.9,=
100137,DR01,2021/05/06 00:00:00+00,ammonia (MGL),6.95,=
100336,DR01,2021/02/08 00:00:00+00,pH (PH_NONE),7.1,=
100352,DR01,2021/08/05 00:00:00+00,pH (PH_NONE),7.1,=
100363,DR01,2021/11/11 00:00:00+00,pH (PH_NONE),7.1,=
100369,DR01,2021/12/09 00:00:00+00,pH (PH_NONE),7.1,=
100437,DR01,2021/01/11 09:58:54+00,pH (PH_NONE),7.2,=
100459,DR01,2021/05/06 00:00:00+00,pH (PH_NONE),7.2,=
100487,DR01,2021/09/02 00:00:00+00,pH (PH_NONE),7.2,=
100501,DR01,2021/10/14 00:00:00+00,pH (PH_NONE),7.2,=
102911,DR01,2021/09/02 00:00:00+00,Dissolved Oxygen (MGL),9.1,=
103124,DR01,2021/07/01 00:00:00+00,Dissolved Oxygen (MGL),9.8,=
103289,DR01,2021/06/03 00:00:00+00,Suspended Solids 105 C (MGL),10,=
103362,DR01,2021/12/09 00:00:00+00,Suspended Solids 105 C (MGL),10,=
103509,DR01,2021/02/08 00:00:00+00,ammonia (MGL),10.5,=
103770,DR01,2021/01/11 09:58:54+00,ammonia (MGL),11.6,=
103947,DR01,2021/09/02 00:00:00+00,Temperature (CELSIUS),12.4,=
104056,DR01,2021/02/08 00:00:00+00,Oxygen Saturation (PC),13,=
104115,DR01,2021/10/14 00:00:00+00,Suspended Solids 105 C (MGL),13,=
104316,DR01,2021/07/01 00:00:00+00,Temperature (CELSIUS),13.8,=
104347,DR01,2021/06/03 00:00:00+00,Temperature (CELSIUS),14,=
104838,DR01,2021/08/05 00:00:00+00,Temperature (CELSIUS),15.5,=
104859,DR01,2021/05/06 00:00:00+00,Temperature (CELSIUS),15.8,=
105366,DR01,2021/11/11 00:00:00+00,Temperature (CELSIUS),18.5,=
105678,DR01,2021/12/09 00:00:00+00,Temperature (CELSIUS),19.6,=
105699,DR01,2021/03/08 00:00:00+00,Temperature (CELSIUS),19.9,=
105812,DR01,2021/05/06 00:00:00+00,Oxygen Saturation (PC),20,=
105819,DR01,2021/07/01 00:00:00+00,Conductivity (MSM),20,=
105885,DR01,2021/12/09 00:00:00+00,Oxygen Saturation (PC),20,=
106099,DR01,2021/04/08 00:00:00+00,Temperature (CELSIUS),20.9,=
106237,DR01,2021/01/11 09:58:54+00,Suspended Solids 105 C (MGL),22,=
106374,DR01,2021/01/11 09:58:54+00,Temperature (CELSIUS),22.8,=
106412,DR01,2021/02/08 00:00:00+00,Suspended Solids 105 C (MGL),23,=
106415,DR01,2021/03/08 00:00:00+00,Oxygen Saturation (PC),23,=
106701,DR01,2021/08/05 00:00:00+00,Suspended Solids 105 C (MGL),25,=
106756,DR01,2021/01/11 09:58:54+00,Oxygen Saturation (PC),26,=
106943,DR01,2021/06/03 00:00:00+00,Conductivity (MSM),29,=
107291,DR01,2021/04/08 00:00:00+00,Oxygen Saturation (PC),34,=
107375,DR01,2021/12/09 00:00:00+00,Conductivity (MSM),35,=
107453,DR01,2021/05/06 00:00:00+00,Suspended Solids 105 C (MGL),37,=
107476,DR01,2021/09/02 00:00:00+00,Conductivity (MSM),37,=
107784,DR01,2021/10/14 00:00:00+00,Oxygen Saturation (PC),42,=
107839,DR01,2021/04/08 00:00:00+00,Conductivity (MSM),44,=
107861,DR01,2021/11/11 00:00:00+00,Conductivity (MSM),45,=
107946,DR01,2021/06/03 00:00:00+00,Oxygen Saturation (PC),47,=
107997,DR01,2021/08/05 00:00:00+00,Conductivity (MSM),48,=
108247,DR01,2021/05/06 00:00:00+00,Conductivity (MSM),51,=
108388,DR01,2021/02/08 00:00:00+00,Conductivity (MSM),56,=
108458,DR01,2021/03/08 00:00:00+00,Conductivity (MSM),58,=
108839,DR01,2021/01/11 09:58:54+00,Conductivity (MSM),65,=
109023,DR01,2021/08/05 00:00:00+00,Oxygen Saturation (PC),69,=
109885,DR01,2021/09/02 00:00:00+00,Oxygen Saturation (PC),85,=
110236,DR01,2021/07/01 00:00:00+00,Oxygen Saturation (PC),94,=
113192,DR01,2021/11/11 00:00:00+00,Escherichia coli (CFU),3320,=
113232,DR05,2021/11/11 00:00:00+00,Escherichia coli (CFU),4730,=
113461,DR01,2021/04/08 00:00:00+00,Escherichia coli (CFU),7000,=
113528,DR05,2021/06/03 00:00:00+00,Escherichia coli (CFU),41000,=
113560,DR01,2021/12/09 00:00:00+00,Escherichia coli (CFU),34000,=
113660,DR01,2021/07/01 00:00:00+00,Escherichia coli (CFU),86000,=
113777,DR05,2021/01/11 10:13:43+00,Escherichia coli (CFU),510000,=
113795,DR05,2021/09/02 00:00:00+00,Escherichia coli (CFU),460000,=
113806,DR05,2021/02/08 00:00:00+00,Escherichia coli (CFU),420000,=
113809,DR05,2021/07/01 00:00:00+00,Escherichia coli (CFU),390000,=
113828,DR01,2021/06/03 00:00:00+00,Escherichia coli (CFU),320000,=
113837,DR05,2021/12/09 00:00:00+00,Escherichia coli (CFU),270000,=
113885,DR01,2021/09/02 00:00:00+00,Escherichia coli (CFU),720000,=
113890,DR01,2021/03/08 00:00:00+00,Escherichia coli (CFU),660000,=
113891,DR05,2021/08/05 00:00:00+00,Escherichia coli (CFU),660000,=
114052,DR01,2021/07/01 00:00:00+00,Unionised Ammonia (MGL),0.001,<
114355,DR01,2021/02/08 00:00:00+00,Nitrate + Nitrite as Nitrogen (MGL),0.05,<
114389,DR01,2021/03/08 00:00:00+00,Nitrate + Nitrite as Nitrogen (MGL),0.05,<
114418,DR01,2021/04/08 00:00:00+00,Nitrate + Nitrite as Nitrogen (MGL),0.05,<
114529,DR01,2021/11/11 00:00:00+00,Nitrate + Nitrite as Nitrogen (MGL),0.05,<
115347,DR05,2021/04/08 00:00:00+00,Escherichia coli (CFU),10000,>
115425,DR01,2021/05/06 00:00:00+00,Escherichia coli (CFU),10000,>
115447,DR01,2021/01/11 09:58:43+00,Escherichia coli (CFU),1000000,>
115471,DR05,2021/05/06 00:00:00+00,Escherichia coli (CFU),100000,>
115516,DR05,2021/10/14 00:00:00+00,Escherichia coli (CFU),1000000,>
115606,DR01,2021/08/05 00:00:00+00,Escherichia coli (CFU),1000000,>
115733,DR01,2022/06/02 00:00:00+00,Unionised Ammonia (MGL),0.005,=
115831,DR01,2022/05/05 00:00:00+00,Unionised Ammonia (MGL),0.015,=
115964,DR01,2022/04/07 00:00:00+00,Unionised Ammonia (MGL),0.035,=
116064,DR01,2022/06/02 00:00:00+00,Nitrate + Nitrite as Nitrogen (MGL),0.056,=
116357,DR01,2022/06/02 00:00:00+00,Ortho-Phosphate (MGL),0.204,=
116584,DR01,2022/02/03 00:00:00+00,ammonia (MGL),0.36,=
116781,DR01,2022/02/03 00:00:00+00,Nitrate + Nitrite as Nitrogen (MGL),0.496,=
116944,DR01,2022/03/03 00:00:00+00,Ortho-Phosphate (MGL),0.609,=
116956,DR01,2022/04/07 00:00:00+00,Ortho-Phosphate (MGL),0.638,=
116980,DR01,2022/02/03 00:00:00+00,Ortho-Phosphate (MGL),0.693,=
117148,DR01,2022/01/06 00:00:00+00,ammonia (MGL),0.877,=
117605,DR01,2022/01/06 00:00:00+00,Dissolved Oxygen (MGL),1.4,=
117885,DR01,2022/03/03 00:00:00+00,Dissolved Oxygen (MGL),1.9,=
118246,DR01,2022/02/03 00:00:00+00,Dissolved Oxygen (MGL),2.4,=
118368,DR01,2022/04/07 00:00:00+00,Dissolved Oxygen (MGL),2.8,=
118402,DR01,2022/05/05 00:00:00+00,ammonia (MGL),2.839,=
118549,DR01,2022/06/02 00:00:00+00,ammonia (MGL),3.088,=
119160,DR01,2022/06/02 00:00:00+00,Dissolved Oxygen (MGL),5,=
119338,DR01,2022/03/03 00:00:00+00,ammonia (MGL),5.859,=
119394,DR01,2022/05/05 00:00:00+00,Dissolved Oxygen (MGL),6,=
119443,DR01,2022/04/07 00:00:00+00,ammonia (MGL),6.399,=
119523,DR01,2022/06/02 00:00:00+00,pH (PH_NONE),6.7,=
119603,DR01,2022/01/06 00:00:00+00,pH (PH_NONE),7,=
119731,DR01,2022/03/03 00:00:00+00,pH (PH_NONE),7.2,=
119740,DR01,2022/04/07 00:00:00+00,pH (PH_NONE),7.2,=
119744,DR01,2022/05/05 00:00:00+00,pH (PH_NONE),7.2,=
119899,DR01,2022/02/03 00:00:00+00,pH (PH_NONE),7.4,=
121578,DR01,2022/01/06 00:00:00+00,Temperature (CELSIUS),18.1,=
121618,DR01,2022/02/03 00:00:00+00,Temperature (CELSIUS),19.3,=
121838,DR01,2022/02/03 00:00:00+00,Suspended Solids 105 C (MGL),22,=
121844,DR01,2022/03/03 00:00:00+00,Oxygen Saturation (PC),22,=
121947,DR01,2022/03/03 00:00:00+00,Temperature (CELSIUS),22.2,=
122005,DR01,2022/02/03 00:00:00+00,Conductivity (MSM),24,=
122137,DR01,2022/02/03 00:00:00+00,Oxygen Saturation (PC),26,=
122549,DR01,2022/01/06 00:00:00+00,Conductivity (MSM),52,=
122890,DR01,2022/03/03 00:00:00+00,Conductivity (MSM),74,=
124083,DR05,2022/05/05 00:00:00+00,Escherichia coli (CFU),6330,=
124267,DR05,2022/04/07 00:00:00+00,Escherichia coli (CFU),241960,=
124282,DR05,2022/03/03 00:00:00+00,Escherichia coli (CFU),155310,=
124314,DR01,2022/01/06 00:00:00+00,Escherichia coli (CFU),43000,=
124374,DR05,2022/01/06 00:00:00+00,Escherichia coli (CFU),270000,=
124648,DR01,2022/03/03 00:00:00+00,Nitrate + Nitrite as Nitrogen (MGL),0.05,<
124749,DR01,2022/05/05 00:00:00+00,Nitrate + Nitrite as Nitrogen (MGL),0.05,<
125109,DR01,2022/02/03 00:00:00+00,Escherichia coli (CFU),1000000,>
125111,DR05,2022/02/03 00:00:00+00,Escherichia coli (CFU),1000000,>
125161,DR01,2022/03/03 00:00:00+00,Escherichia coli (CFU),241960,>
125228,DR01,2022/07/07 00:00:00+00,Unionised Ammonia (MGL),0.002,=
125258,DR01,2022/07/07 00:00:00+00,Nitrate + Nitrite as Nitrogen (MGL),0.16,=
125301,DR01,2022/07/07 00:00:00+00,ammonia (MGL),0.747,=
125423,DR01,2022/07/07 00:00:00+00,Dissolved Oxygen (MGL),7.1,=
125430,DR01,2022/07/07 00:00:00+00,pH (PH_NONE),6.9,=
125518,DR01,2022/07/07 00:00:00+00,Temperature (CELSIUS),14,=
125567,DR01,2022/07/07 00:00:00+00,Conductivity (MSM),43,=
125580,DR01,2022/07/07 00:00:00+00,Oxygen Saturation (PC),69,=
125675,DR01,2022/07/07 00:00:00+00,Ortho-Phosphate (MGL),0.063,=
125720,DR01,2022/05/05 00:00:00+00,Escherichia coli (CFU),100,<
125730,DR01,2022/04/07 00:00:00+00,Escherichia coli (CFU),198630,=
126562,DR01,2022/05/05 00:00:00+00,Oxygen Saturation (PC),61,=
126621,DR01,2022/05/05 00:00:00+00,Conductivity (MSM),58,=
126647,DR01,2022/04/07 00:00:00+00,Conductivity (MSM),55,=
126715,DR01,2022/06/02 00:00:00+00,Oxygen Saturation (PC),49,=
126957,DR01,2022/04/07 00:00:00+00,Oxygen Saturation (PC),29,=
127006,DR01,2022/06/02 00:00:00+00,Conductivity (MSM),25,=
127286,DR01,2022/04/07 00:00:00+00,Temperature (CELSIUS),16.6,=
127322,DR01,2022/05/05 00:00:00+00,Temperature (CELSIUS),16.1,=
127440,DR01,2022/06/02 00:00:00+00,Temperature (CELSIUS),14.9,=
127976,DR01,2022/01/06 00:00:00+00,Ortho-Phosphate (MGL),0.153,=
128115,DR01,2022/01/06 00:00:00+00,Nitrate + Nitrite as Nitrogen (MGL),0.091,=
128224,DR01,2022/03/03 00:00:00+00,Unionised Ammonia (MGL),0.048,=
128438,DR01,2022/02/03 00:00:00+00,Unionised Ammonia (MGL),0.004,=
128447,DR01,2022/01/06 00:00:00+00,Unionised Ammonia (MGL),0.003,=
128664,DR01,2021/10/14 00:00:00+00,Conductivity (MSM),43,=
128691,DR01,2021/11/11 00:00:00+00,Oxygen Saturation (PC),23,=
128717,DR01,2021/10/14 00:00:00+00,Temperature (CELSIUS),17.7,=
129392,DR01,2021/06/03 00:00:00+00,Dissolved Oxygen (MGL),4.9,=
130292,DR01,2021/06/03 00:00:00+00,ammonia (MGL),1.65,=
130357,DR01,2021/08/05 00:00:00+00,ammonia (MGL),1.54,=
130861,DR01,2021/08/05 00:00:00+00,Nitrate + Nitrite as Nitrogen (MGL),0.857,=
131113,DR01,2021/09/02 00:00:00+00,ammonia (MGL),0.591,=
131299,DR01,2021/06/03 00:00:00+00,Nitrate + Nitrite as Nitrogen (MGL),0.324,=
131324,DR01,2021/09/02 00:00:00+00,Ortho-Phosphate (MGL),0.3,=
131329,DR01,2021/06/03 00:00:00+00,Ortho-Phosphate (MGL),0.293,=
131409,DR01,2021/08/05 00:00:00+00,Ortho-Phosphate (MGL),0.226,=
131659,DR01,2021/07/01 00:00:00+00,ammonia (MGL),0.0778,=
131747,DR01,2021/07/01 00:00:00+00,Ortho-Phosphate (MGL),0.053,=
132124,DR01,2021/09/02 00:00:00+00,Unionised Ammonia (MGL),0.002,=
132682,DR01,2022/07/07 00:00:00+00,Suspended Solids 105 C (MGL),5,<
133213,DR01,2022/07/07 00:00:00+00,Escherichia coli (CFU),2419,>
133214,DR05,2022/07/07 00:00:00+00,Escherichia coli (CFU),2419,>
134371,DR05,2022/08/04 00:00:00+00,Escherichia coli (CFU),3100,=
134373,DR01,2022/08/04 00:00:00+00,Escherichia coli (CFU),1200,=
134765,DR01,2022/08/04 00:00:00+00,Conductivity (MSM),27,=
135084,DR01,2022/08/04 00:00:00+00,pH (PH_NONE),7.1,=
135113,DR01,2022/08/04 00:00:00+00,Suspended Solids 105 C (MGL),6,=
135399,DR01,2022/08/04 00:00:00+00,Nitrate + Nitrite as Nitrogen (MGL),0.267,=
135523,DR01,2022/08/04 00:00:00+00,Ortho-Phosphate (MGL),0.02,=
135526,DR01,2022/08/04 00:00:00+00,ammonia (MGL),0.0199,=
135580,DR01,2022/08/04 00:00:00+00,Unionised Ammonia (MGL),0.001,<
135686,DR01,2022/08/04 00:00:00+00,Oxygen Saturation (PC),24,=
135695,DR01,2022/08/04 00:00:00+00,Temperature (CELSIUS),18.1,=
135834,DR01,2022/08/04 00:00:00+00,Dissolved Oxygen (MGL),2.3,=
136044,DR01,2022/09/01 00:00:00+00,Escherichia coli (CFU),12700,=
136106,DR05,2022/09/01 00:00:00+00,Escherichia coli (CFU),700,=
138003,DR01,2022/09/01 00:00:00+00,Conductivity (MSM),39,=
138016,DR01,2022/09/01 00:00:00+00,Suspended Solids 105 C (MGL),21,=
138035,DR01,2022/09/01 00:00:00+00,Temperature (CELSIUS),14.8,=
138100,DR01,2022/09/01 00:00:00+00,pH (PH_NONE),7.2,=
138221,DR01,2022/09/01 00:00:00+00,ammonia (MGL),0.0907,=
139737,DR01,2022/10/06 00:00:00+00,Escherichia coli (CFU),198630,=
139738,DR01,2022/09/15 00:00:00+00,Escherichia coli (CFU),198600,=
139753,DR05,2022/09/15 00:00:00+00,Escherichia coli (CFU),4500,=
139764,DR05,2022/10/06 00:00:00+00,Escherichia coli (CFU),7430,=
140025,DR01,2022/10/06 00:00:00+00,Oxygen Saturation (PC),70,=
140115,DR01,2022/10/06 00:00:00+00,Conductivity (MSM),53,=
140227,DR01,2022/10/06 00:00:00+00,Temperature (CELSIUS),16.6,=
140263,DR01,2022/10/06 00:00:00+00,Suspended Solids 105 C (MGL),12,=
140400,DR01,2022/10/06 00:00:00+00,pH (PH_NONE),6.9,=
140687,DR01,2022/10/06 00:00:00+00,Ortho-Phosphate (MGL),0.083,=
140730,DR01,2022/10/06 00:00:00+00,Unionised Ammonia (MGL),0.002,=
142606,DR01,2022/11/03 00:00:00+00,Escherichia coli (CFU),104620,=
142607,DR05,2022/11/03 00:00:00+00,Escherichia coli (CFU),32550,=
143697,DR01,2022/11/03 00:00:00+00,Suspended Solids 105 C (MGL),5,<
143874,DR01,2022/11/03 00:00:00+00,Conductivity (MSM),46,=
143914,DR01,2022/11/03 00:00:00+00,Oxygen Saturation (PC),34,=
144053,DR01,2022/11/03 00:00:00+00,pH (PH_NONE),7.3,=
144116,DR01,2022/11/03 00:00:00+00,ammonia (MGL),1.693,=
144169,DR01,2022/11/03 00:00:00+00,Ortho-Phosphate (MGL),0.135,=
144176,DR01,2022/11/03 00:00:00+00,Unionised Ammonia (MGL),0.014,=
144185,DR01,2022/11/03 00:00:00+00,Nitrate + Nitrite as Nitrogen (MGL),0.106,=
145591,DR05,2022/12/01 00:00:00+00,Escherichia coli (CFU),241960,>
145796,DR01,2022/12/01 00:00:00+00,Escherichia coli (CFU),61310,=
147668,DR01,2022/12/01 00:00:00+00,Oxygen Saturation (PC),63,=
147707,DR01,2022/12/01 00:00:00+00,Conductivity (MSM),50,=
147938,DR01,2022/12/01 00:00:00+00,Temperature (CELSIUS),21.1,=
148003,DR01,2022/12/01 00:00:00+00,Suspended Solids 105 C (MGL),12,=
148209,DR01,2022/12/01 00:00:00+00,pH (PH_NONE),7.1,=
148263,DR01,2022/12/01 00:00:00+00,Dissolved Oxygen (MGL),5.6,=
148387,DR01,2022/12/01 00:00:00+00,ammonia (MGL),1.625,=
148835,DR01,2022/12/01 00:00:00+00,Nitrate + Nitrite as Nitrogen (MGL),0.108,=
148850,DR01,2022/12/01 00:00:00+00,Ortho-Phosphate (MGL),0.113,=
149282,DR01,2023/01/12 00:00:00+00,Escherichia coli (CFU),241960,>
151267,DR01,2023/01/12 00:00:00+00,Suspended Solids 105 C (MGL),49,=
151589,DR01,2023/01/12 00:00:00+00,Temperature (CELSIUS),21.6,=
151599,DR01,2023/01/12 00:00:00+00,ammonia (MGL),19.14,=
151687,DR01,2023/01/12 00:00:00+00,Oxygen Saturation (PC),11,=
151919,DR01,2023/01/12 00:00:00+00,pH (PH_NONE),7.4,=
152193,DR01,2023/01/12 00:00:00+00,Ortho-Phosphate (MGL),1.71,=
152253,DR01,2023/01/12 00:00:00+00,Dissolved Oxygen (MGL),1,=
152409,DR01,2023/01/12 00:00:00+00,Unionised Ammonia (MGL),0.238,=
153158,DR01,2023/02/09 00:00:00+00,Escherichia coli (CFU),8500,=
153159,DR05,2023/02/09 00:00:00+00,Escherichia coli (CFU),4280,=
154050,DR01,2023/02/09 00:00:00+00,Nitrate + Nitrite as Nitrogen (MGL),0.05,<
154235,DR01,2023/02/09 00:00:00+00,Conductivity (MSM),70,=
154297,DR01,2023/02/09 00:00:00+00,Oxygen Saturation (PC),31,=
154436,DR01,2023/02/09 00:00:00+00,Suspended Solids 105 C (MGL),19,=
154550,DR01,2023/02/09 00:00:00+00,pH (PH_NONE),7.4,=
154653,DR01,2023/02/09 00:00:00+00,ammonia (MGL),3.653,=
154672,DR01,2023/02/09 00:00:00+00,Dissolved Oxygen (MGL),2.7,=
154792,DR01,2023/02/09 00:00:00+00,Ortho-Phosphate (MGL),0.331,=
158484,DR01,2023/03/10 00:00:00+00,Nitrate + Nitrite as Nitrogen (MGL),0.05,<
158526,DR01,2023/03/10 00:00:00+00,Unionised Ammonia (MGL),0.001,<
158541,DR05,2023/04/06 00:00:00+00,Escherichia coli (CFU),24196,=
158558,DR01,2023/04/06 00:00:00+00,Escherichia coli (CFU),3654,=
158710,DR01,2023/03/10 00:00:00+00,Oxygen Saturation (PC),37,=
158736,DR01,2023/03/10 00:00:00+00,Conductivity (MSM),26,=
158777,DR01,2023/03/10 00:00:00+00,Temperature (CELSIUS),19.8,=
158919,DR01,2023/03/10 00:00:00+00,pH (PH_NONE),6.8,=
158952,DR01,2023/03/10 00:00:00+00,Dissolved Oxygen (MGL),3.4,=
159121,DR01,2023/03/10 00:00:00+00,Ortho-Phosphate (MGL),0.065,=
159131,DR01,2023/03/10 00:00:00+00,ammonia (MGL),0.0336,=
160148,DR05,2023/05/04 00:00:00+00,Suspended Solids 105 C (MGL),5,<
160385,DR05,2023/05/04 00:00:00+00,Conductivity (MSM),62,=
160417,DR01,2023/05/04 00:00:00+00,Conductivity (MSM),33,=
160435,DR05,2023/05/04 00:00:00+00,Oxygen Saturation (PC),38,=
160445,DR01,2023/05/04 00:00:00+00,Oxygen Saturation (PC),31,=
160525,DR01,2023/05/04 00:00:00+00,Temperature (CELSIUS),15,=
160540,DR05,2023/05/04 00:00:00+00,Temperature (CELSIUS),16.2,=
160602,DR01,2023/05/04 00:00:00+00,Suspended Solids 105 C (MGL),9,=
160716,DR05,2023/05/04 00:00:00+00,pH (PH_NONE),7.1,=
160725,DR01,2023/05/04 00:00:00+00,pH (PH_NONE),6.9,=
160782,DR05,2023/05/04 00:00:00+00,Dissolved Oxygen (MGL),3.7,=
160799,DR01,2023/05/04 00:00:00+00,Dissolved Oxygen (MGL),3.1,=
160946,DR05,2023/05/04 00:00:00+00,ammonia (MGL),0.565,=
160978,DR01,2023/05/04 00:00:00+00,ammonia (MGL),0.438,=
161024,DR05,2023/05/04 00:00:00+00,Ortho-Phosphate (MGL),0.094,=
161066,DR01,2023/05/04 00:00:00+00,Ortho-Phosphate (MGL),0.075,=
161086,DR01,2023/05/04 00:00:00+00,Nitrate + Nitrite as Nitrogen (MGL),0.069,=
161111,DR01,2023/05/04 00:00:00+00,Unionised Ammonia (MGL),0.001,=
161123,DR05,2023/05/04 00:00:00+00,Unionised Ammonia (MGL),0.002,=
162135,DR01,2023/06/01 00:00:00+00,Escherichia coli (CFU),111990,=
162138,DR05,2023/06/01 00:00:00+00,Escherichia coli (CFU),61310,=
163778,DR01,2023/06/01 00:00:00+00,Ortho-Phosphate (MGL),0.1,<
164339,DR01,2023/06/01 00:00:00+00,Oxygen Saturation (PC),82,=
164720,DR01,2023/06/01 00:00:00+00,Conductivity (MSM),19,=
165503,DR01,2023/06/01 00:00:00+00,pH (PH_NONE),6.9,=
166262,DR01,2023/06/01 00:00:00+00,Nitrate + Nitrite as Nitrogen (MGL),0.151,=
166419,DR01,2023/06/01 00:00:00+00,Unionised Ammonia (MGL),0.001,=
166663,DR05,2023/07/13 00:00:00+00,Escherichia coli (CFU),111990,=
166671,DR01,2023/07/13 00:00:00+00,Escherichia coli (CFU),111990,=
167450,DR01,2023/07/13 00:00:00+00,Oxygen Saturation (PC),74,=
167668,DR01,2023/07/13 00:00:00+00,Conductivity (MSM),35,=
167929,DR01,2023/07/13 00:00:00+00,Temperature (CELSIUS),13.6,=
168296,DR01,2023/07/13 00:00:00+00,Dissolved Oxygen (MGL),7.7,=
168429,DR01,2023/07/13 00:00:00+00,pH (PH_NONE),7.1,=
168935,DR01,2023/07/13 00:00:00+00,ammonia (MGL),0.84,=
169015,DR01,2023/07/13 00:00:00+00,Nitrate + Nitrite as Nitrogen (MGL),0.44,=
169121,DR01,2023/07/13 00:00:00+00,Ortho-Phosphate (MGL),0.138,=
169288,DR01,2023/07/13 00:00:00+00,Unionised Ammonia (MGL),0.003,=
170539,DR05,2023/01/12 00:00:00+00,Escherichia coli (CFU),1000,<
171206,DR01,2023/01/12 00:00:00+00,Nitrate + Nitrite as Nitrogen (MGL),0.562,=
171269,DR01,2023/03/10 00:00:00+00,Escherichia coli (CFU),11780,=
171270,DR05,2023/03/10 00:00:00+00,Escherichia coli (CFU),8664,=
171406,DR01,2023/02/09 00:00:00+00,Unionised Ammonia (MGL),0.047,=
172058,DR01,2023/04/06 00:00:00+00,Oxygen Saturation (PC),44,=
172062,DR01,2023/04/06 00:00:00+00,Conductivity (MSM),41,=
172429,DR01,2023/04/06 00:00:00+00,Temperature (CELSIUS),17.4,=
172533,DR01,2023/04/06 00:00:00+00,Suspended Solids 105 C (MGL),12,=
172803,DR01,2023/04/06 00:00:00+00,pH (PH_NONE),7,=
172920,DR01,2023/04/06 00:00:00+00,Dissolved Oxygen (MGL),4.2,=
173294,DR01,2023/04/06 00:00:00+00,ammonia (MGL),0.666,=
173500,DR01,2023/04/06 00:00:00+00,Nitrate + Nitrite as Nitrogen (MGL),0.111,=
173740,DR01,2023/04/06 00:00:00+00,Unionised Ammonia (MGL),0.002,=
175296,DR01,2023/06/01 00:00:00+00,Temperature (CELSIUS),15,=
175404,DR01,2023/06/01 00:00:00+00,Dissolved Oxygen (MGL),8.3,=
175583,DR01,2023/06/01 00:00:00+00,ammonia (MGL),0.445,=
175754,DR05,2023/08/14 00:00:00+00,Escherichia coli (CFU),241960,>
176378,DR01,2023/08/14 00:00:00+00,Conductivity (MSM),70,=
176398,DR01,2023/08/14 00:00:00+00,Oxygen Saturation (PC),61,=
176599,DR01,2023/08/14 00:00:00+00,Suspended Solids 105 C (MGL),20,=
176653,DR01,2023/08/14 00:00:00+00,Temperature (CELSIUS),15.5,=
177035,DR01,2023/08/14 00:00:00+00,pH (PH_NONE),6.9,=
177070,DR01,2023/08/14 00:00:00+00,Dissolved Oxygen (MGL),6.1,=
177172,DR01,2023/08/14 00:00:00+00,ammonia (MGL),3.45,=
177425,DR01,2023/08/14 00:00:00+00,Ortho-Phosphate (MGL),0.371,=
177430,DR01,2023/08/14 00:00:00+00,Nitrate + Nitrite as Nitrogen (MGL),0.291,=
177534,DR01,2023/08/14 00:00:00+00,Unionised Ammonia (MGL),0.009,=
179240,DR01,2023/09/07 00:00:00+00,Escherichia coli (CFU),241960,=
179242,DR05,2023/09/07 00:00:00+00,Escherichia coli (CFU),198630,=
179519,DR01,2023/09/07 00:00:00+00,Oxygen Saturation (PC),73,=
179660,DR01,2023/09/07 00:00:00+00,Conductivity (MSM),34,=
179776,DR01,2023/09/07 00:00:00+00,Temperature (CELSIUS),14.9,=
179811,DR01,2023/09/07 00:00:00+00,Suspended Solids 105 C (MGL),13,=
179956,DR01,2023/09/07 00:00:00+00,Dissolved Oxygen (MGL),7.4,=
179968,DR01,2023/09/07 00:00:00+00,pH (PH_NONE),7,=
180135,DR01,2023/09/07 00:00:00+00,ammonia (MGL),0.901,=
180188,DR01,2023/09/07 00:00:00+00,Nitrate + Nitrite as Nitrogen (MGL),0.34,=
180266,DR01,2023/09/07 00:00:00+00,Unionised Ammonia (MGL),0.003,=
183372,DR01,2023/10/05 00:00:00+00,Ortho-Phosphate (MGL),0.1,<
183621,DR01,2023/10/05 00:00:00+00,Oxygen Saturation (PC),89,=
183824,DR01,2023/10/05 00:00:00+00,Suspended Solids 105 C (MGL),25,=
183957,DR01,2023/10/05 00:00:00+00,Temperature (CELSIUS),17.7,=
184144,DR01,2023/10/05 00:00:00+00,Dissolved Oxygen (MGL),8.5,=
184277,DR01,2023/10/05 00:00:00+00,pH (PH_NONE),7.5,=
184631,DR01,2023/10/05 00:00:00+00,Nitrate + Nitrite as Nitrogen (MGL),0.962,=
184678,DR01,2023/10/05 00:00:00+00,ammonia (MGL),0.65,=
184892,DR01,2023/10/05 00:00:00+00,Unionised Ammonia (MGL),0.008,=
185359,DR05,2023/10/05 00:00:00+00,Escherichia coli (CFU),86640,=
185383,DR01,2023/10/05 00:00:00+00,Escherichia coli (CFU),5200,=
186515,DR01,2023/11/16 00:00:00+00,Ortho-Phosphate (MGL),0.1,<
186867,DR01,2023/11/16 00:00:00+00,Conductivity (MSM),53,=
187413,DR01,2023/11/16 00:00:00+00,pH (PH_NONE),7.5,=
187842,DR01,2023/11/16 00:00:00+00,ammonia (MGL),0.408,=
188267,DR01,2023/11/16 00:00:00+00,Oxygen Saturation (PC),68,=
188385,DR01,2023/11/16 00:00:00+00,Temperature (CELSIUS),20.5,=
188869,DR01,2023/11/16 00:00:00+00,Unionised Ammonia (MGL),0.006,=
188960,DR05,2023/11/16 00:00:00+00,Escherichia coli (CFU),43520,=
188968,DR01,2023/11/16 00:00:00+00,Escherichia coli (CFU),8710,=
190076,DR01,2023/12/14 00:00:00+00,Escherichia coli (CFU),727000,=
190112,DR05,2023/12/14 00:00:00+00,Escherichia coli (CFU),46110,=
191131,DR01,2023/12/14 00:00:00+00,Ortho-Phosphate (MGL),0.1,<
191168,DR01,2023/12/14 00:00:00+00,Nitrate + Nitrite as Nitrogen (MGL),0.05,<
191310,DR01,2023/12/14 00:00:00+00,Conductivity (MSM),54,=
191440,DR01,2023/12/14 00:00:00+00,Temperature (CELSIUS),18.6,=
191573,DR01,2023/12/14 00:00:00+00,pH (PH_NONE),7.4,=
191610,DR01,2023/12/14 00:00:00+00,Dissolved Oxygen (MGL),4.6,=
191704,DR01,2023/12/14 00:00:00+00,ammonia (MGL),1.14,=
191805,DR01,2023/12/14 00:00:00+00,Unionised Ammonia (MGL),0.011,=
193365,DR01,2024/01/11 00:00:00+00,Ortho-Phosphate (MGL),0.1,<
193700,DR01,2024/01/11 00:00:00+00,Conductivity (MSM),69,=
193771,DR01,2024/01/11 00:00:00+00,Oxygen Saturation (PC),54,=
194019,DR01,2024/01/11 00:00:00+00,Temperature (CELSIUS),19.8,=
194306,DR01,2024/01/11 00:00:00+00,pH (PH_NONE),7.1,=
194641,DR01,2024/01/11 00:00:00+00,Nitrate + Nitrite as Nitrogen (MGL),0.433,=
194647,DR01,2024/01/11 00:00:00+00,ammonia (MGL),0.409,=
194843,DR01,2024/01/11 00:00:00+00,Unionised Ammonia (MGL),0.002,=
195442,DR01,2024/01/11 00:00:00+00,Suspended Solids 105 C (MGL),5,<
196976,DR01,2024/02/08 00:00:00+00,Ortho-Phosphate (MGL),0.1,<
197000,DR01,2024/02/08 00:00:00+00,Nitrate + Nitrite as Nitrogen (MGL),0.05,<
197055,DR05,2024/02/08 00:00:00+00,Escherichia coli (CFU),1986300,=
197070,DR01,2024/01/11 00:00:00+00,Escherichia coli (CFU),613100,=
197107,DR01,2024/02/08 00:00:00+00,Escherichia coli (CFU),8500,=
197127,DR05,2024/01/11 00:00:00+00,Escherichia coli (CFU),1460,=
197265,DR01,2024/02/08 00:00:00+00,Oxygen Saturation (PC),46,=
197270,DR01,2024/02/08 00:00:00+00,Conductivity (MSM),44,=
197347,DR01,2024/02/08 00:00:00+00,Temperature (CELSIUS),22.1,=
197432,DR01,2024/02/08 00:00:00+00,pH (PH_NONE),7.4,=
197447,DR01,2024/02/08 00:00:00+00,Suspended Solids 105 C (MGL),5,=
197491,DR01,2024/02/08 00:00:00+00,Dissolved Oxygen (MGL),4,=
198516,DR01,2024/02/08 00:00:00+00,ammonia (MGL),0.189,=
198629,DR01,2024/02/08 00:00:00+00,Unionised Ammonia (MGL),0.002,=
200247,DR01,2024/03/07 00:00:00+00,Ortho-Phosphate (MGL),0.1,<
200250,DR01,2024/03/07 00:00:00+00,Nitrate + Nitrite as Nitrogen (MGL),0.05,<
200397,DR01,2024/03/07 00:00:00+00,Conductivity (MSM),58,=
200682,DR01,2024/03/07 00:00:00+00,pH (PH_NONE),7.2,=
200937,DR01,2024/03/07 00:00:00+00,ammonia (MGL),0.435,=
200997,DR01,2024/03/07 00:00:00+00,Suspended Solids 105 C (MGL),5,<
201310,DR01,2024/03/07 00:00:00+00,Oxygen Saturation (PC),35,=
201360,DR01,2024/03/07 00:00:00+00,Temperature (CELSIUS),18.3,=
201550,DR01,2024/03/07 00:00:00+00,Dissolved Oxygen (MGL),3.3,=
201700,DR01,2024/03/07 00:00:00+00,Unionised Ammonia (MGL),0.003,=
202142,DR05,2024/03/07 00:00:00+00,Escherichia coli (CFU),27230,=
202151,DR01,2024/03/07 00:00:00+00,Escherichia coli (CFU),1850,=
203486,DR01,2024/04/10 00:00:00+00,Escherichia coli (CFU),2247,=
203941,DR01,2024/04/10 00:00:00+00,Ortho-Phosphate (MGL),0.1,<
204429,DR01,2024/04/10 00:00:00+00,Conductivity (MSM),52,=
204437,DR01,2024/04/10 00:00:00+00,Oxygen Saturation (PC),39,=
204572,DR01,2024/04/10 00:00:00+00,Temperature (CELSIUS),17.8,=
204979,DR01,2024/04/10 00:00:00+00,Dissolved Oxygen (MGL),3.7,=
204981,DR01,2024/04/10 00:00:00+00,pH (PH_NONE),7.1,=
205207,DR01,2024/04/10 00:00:00+00,ammonia (MGL),0.718,=
205440,DR01,2024/04/10 00:00:00+00,Unionised Ammonia (MGL),0.003,=
207412,DR01,2024/05/09 00:00:00+00,Ortho-Phosphate (MGL),0.1,<
207730,DR01,2024/05/09 00:00:00+00,Conductivity (MSM),113,=
208124,DR01,2024/05/09 00:00:00+00,Oxygen Saturation (PC),25,=
208432,DR01,2024/05/09 00:00:00+00,Temperature (CELSIUS),14.1,=
208801,DR01,2024/05/09 00:00:00+00,pH (PH_NONE),7,=
209094,DR01,2024/05/09 00:00:00+00,Dissolved Oxygen (MGL),2.6,=
209282,DR01,2024/05/09 00:00:00+00,Nitrate + Nitrite as Nitrogen (MGL),0.265,=
209428,DR01,2024/05/09 00:00:00+00,ammonia (MGL),0.0622,=
209491,DR01,2024/05/09 00:00:00+00,Unionised Ammonia (MGL),0.001,=
210663,DR01,2024/06/06 00:00:00+00,Ortho-Phosphate (MGL),0.1,<
210715,DR05,2024/05/09 00:00:00+00,Escherichia coli (CFU),10500,=
210742,DR01,2024/05/09 00:00:00+00,Escherichia coli (CFU),520,=
210850,DR01,2024/06/06 00:00:00+00,Oxygen Saturation (PC),83,=
210936,DR01,2024/06/06 00:00:00+00,Conductivity (MSM),26,=
211001,DR01,2024/06/06 00:00:00+00,Temperature (CELSIUS),15,=
211024,DR01,2024/06/06 00:00:00+00,Suspended Solids 105 C (MGL),11,=
211067,DR01,2024/06/06 00:00:00+00,Dissolved Oxygen (MGL),8.4,=
211144,DR01,2024/06/06 00:00:00+00,pH (PH_NONE),6.9,=
211292,DR01,2024/06/06 00:00:00+00,Nitrate + Nitrite as Nitrogen (MGL),0.3,=
211398,DR01,2024/06/06 00:00:00+00,Unionised Ammonia (MGL),0.001,<
211436,DR05,2024/06/06 00:00:00+00,Escherichia coli (CFU),17329,=
211468,DR01,2024/06/06 00:00:00+00,Escherichia coli (CFU),24196,=
212481,DR01,2024/06/06 00:00:00+00,ammonia (MGL),0.0453,=
213537,HB11,2017/09/05 00:00:00+00,Escherichia coli (CFU),3600,=
213743,HB11,2018/09/04 00:00:00+00,Escherichia coli (CFU),640,=
213791,HB11,2017/08/01 00:00:00+00,Escherichia coli (CFU),880,=
213870,HB11,2017/10/03 00:00:00+00,Escherichia coli (CFU),250,=
213913,HB11,2018/10/02 08:29:00+00,Escherichia coli (CFU),70,=
213926,HB11,2018/07/03 00:00:00+00,Escherichia coli (CFU),270,=
213943,HB11,2018/08/07 00:00:00+00,Escherichia coli (CFU),180,=
214587,HB11,2019/08/19 00:00:00+00,Escherichia coli (CFU),8600,=
214727,HB11,2019/10/01 00:00:00+00,Escherichia coli (CFU),4100,=
214778,HB11,2019/09/03 00:00:00+00,Escherichia coli (CFU),510,=
214870,HB11,2019/11/05 00:00:00+00,Escherichia coli (CFU),2300,=
215032,HB11,2020/08/04 00:00:00+00,Escherichia coli (CFU),380,=
215111,HB11,2020/07/07 00:00:00+00,Escherichia coli (CFU),130,=
215136,HB11,2021/07/06 00:00:00+00,Escherichia coli (CFU),5000,>
215179,HB11,2019/07/02 00:00:00+00,Escherichia coli (CFU),68,=
215488,HB11,2021/09/07 00:00:00+00,Escherichia coli (CFU),200,>
215502,HB11,2021/10/12 09:24:00+00,Escherichia coli (CFU),100000,>
215708,HB11,2023/08/01 00:00:00+00,Escherichia coli (CFU),20700,=
216153,HB11,2022/09/06 00:00:00+00,Escherichia coli (CFU),9800,=
216212,HB11,2022/10/04 00:00:00+00,Escherichia coli (CFU),722,=
216463,HB11,2022/08/02 00:00:00+00,Escherichia coli (CFU),100,=
216473,HB11,2023/07/04 00:00:00+00,Escherichia coli (CFU),26,=
216520,HB11,2023/10/03 00:00:00+00,Escherichia coli (CFU),28,=
216551,HB11,2024/05/07 00:00:00+00,Escherichia coli (CFU),9804,=
217734,DR01,2024/07/04 00:00:00+00,Escherichia coli (CFU),68670,=
217743,DR05,2024/07/04 00:00:00+00,Escherichia coli (CFU),8860,=
218666,DR01,2024/07/04 00:00:00+00,Ortho-Phosphate (MGL),0.1,<
218867,DR01,2024/07/04 00:00:00+00,Oxygen Saturation (PC),59,=
218931,DR01,2024/07/04 00:00:00+00,Conductivity (MSM),29,=
219022,DR01,2024/07/04 00:00:00+00,Temperature (CELSIUS),14.2,=
219177,DR01,2024/07/04 00:00:00+00,pH (PH_NONE),7.2,=
219195,DR01,2024/07/04 00:00:00+00,Dissolved Oxygen (MGL),6.1,=
219347,DR01,2024/07/04 00:00:00+00,ammonia (MGL),0.808,=
219381,DR01,2024/07/04 00:00:00+00,Nitrate + Nitrite as Nitrogen (MGL),0.308,=
219476,DR01,2024/07/04 00:00:00+00,Unionised Ammonia (MGL),0.004,=
220228,DR01,2024/07/04 00:00:00+00,Suspended Solids 105 C (MGL),7,=
221694,DR01,2024/08/01 00:00:00+00,Escherichia coli (CFU),173290,=
221703,DR05,2024/08/01 00:00:00+00,Escherichia coli (CFU),241960,=
222570,HB11,2024/08/06 00:00:00+00,Escherichia coli (CFU),4352,=
223177,DR01,2024/08/01 00:00:00+00,Ortho-Phosphate (MGL),0.1,<
223310,DR01,2024/08/01 00:00:00+00,Oxygen Saturation (PC),98,=
223329,DR01,2024/08/01 00:00:00+00,Conductivity (MSM),33,=
223349,DR01,2024/08/01 00:00:00+00,Temperature (CELSIUS),12.5,=
223357,DR01,2024/08/01 00:00:00+00,Dissolved Oxygen (MGL),10.5,=
223359,DR01,2024/08/01 00:00:00+00,Suspended Solids 105 C (MGL),14,=
223389,DR01,2024/08/01 00:00:00+00,pH (PH_NONE),7.2,=
223422,DR01,2024/08/01 00:00:00+00,ammonia (MGL),0.514,=
223441,DR01,2024/08/01 00:00:00+00,Nitrate + Nitrite as Nitrogen (MGL),0.656,=
223446,DR01,2024/08/01 00:00:00+00,Unionised Ammonia (MGL),0.002,=
226270,HB11,2024/09/03 00:00:00+00,Escherichia coli (CFU),100,<
226283,DR01,2024/09/04 00:00:00+00,Escherichia coli (CFU),173290,=
226287,DR05,2024/09/04 00:00:00+00,Escherichia coli (CFU),141360,=
227034,DR01,2024/09/04 00:00:00+00,Ortho-Phosphate (MGL),0.1,<
227277,DR01,2024/09/04 00:00:00+00,Oxygen Saturation (PC),90,=
227337,DR01,2024/09/04 00:00:00+00,Conductivity (MSM),41,=
227408,DR01,2024/09/04 00:00:00+00,Temperature (CELSIUS),15,=
227418,DR01,2024/09/04 00:00:00+00,Suspended Solids 105 C (MGL),17,=
227517,DR01,2024/09/04 00:00:00+00,Dissolved Oxygen (MGL),9.1,=
227655,DR01,2024/09/04 00:00:00+00,pH (PH_NONE),7.1,=
227907,DR01,2024/09/04 00:00:00+00,ammonia (MGL),0.663,=
227935,DR01,2024/09/04 00:00:00+00,Nitrate + Nitrite as Nitrogen (MGL),0.436,=
228053,DR01,2024/09/04 00:00:00+00,Unionised Ammonia (MGL),0.003,=
229716,DR01,2024/10/02 00:00:00+00,Ortho-Phosphate (MGL),0.1,<
229769,DR05,2024/10/02 00:00:00+00,Escherichia coli (CFU),155310,=
229770,DR01,2024/10/02 00:00:00+00,Escherichia coli (CFU),68670,=
230074,DR01,2024/10/02 00:00:00+00,Oxygen Saturation (PC),83,=
230210,DR01,2024/10/02 00:00:00+00,Conductivity (MSM),35,=
230406,DR01,2024/10/02 00:00:00+00,Temperature (CELSIUS),15.7,=
230612,DR01,2024/10/02 00:00:00+00,Dissolved Oxygen (MGL),8.3,=
230618,DR01,2024/10/02 00:00:00+00,Suspended Solids 105 C (MGL),8,=
230646,DR01,2024/10/02 00:00:00+00,pH (PH_NONE),7.2,=
231131,DR01,2024/10/02 00:00:00+00,ammonia (MGL),0.486,=
231148,DR01,2024/10/02 00:00:00+00,Nitrate + Nitrite as Nitrogen (MGL),0.195,=
231305,DR01,2024/10/02 00:00:00+00,Unionised Ammonia (MGL),0.002,=
231379,HB11,2024/10/01 00:00:00+00,Escherichia coli (CFU),520,=
232585,DR01,2017/04/04 09:33:00+00,Escherichia coli (CFU),1000000,>
232596,DR05,2017/04/04 09:51:00+00,Escherichia coli (CFU),100000,>
232772,DR01,2017/08/01 10:58:00+00,Suspended Solids 105 C (MGL),5,<
232897,DR01,2018/02/06 10:22:00+00,Suspended Solids 105 C (MGL),5,<
233380,DR01,2017/01/10 09:51:00+00,Nitrate + Nitrite as Nitrogen (MGL),0.05,<
233436,DR01,2017/02/07 09:20:00+00,Nitrate + Nitrite as Nitrogen (MGL),0.05,<
233482,DR01,2017/03/07 10:35:00+00,Nitrate + Nitrite as Nitrogen (MGL),0.05,<
233530,DR01,2017/04/04 09:32:00+00,Nitrate + Nitrite as Nitrogen (MGL),0.05,<
233601,DR01,2017/06/06 08:40:00+00,Nitrate + Nitrite as Nitrogen (MGL),0.05,<
233610,DR01,2017/07/04 10:13:00+00,Nitrate + Nitrite as Nitrogen (MGL),0.05,<
233707,DR01,2018/02/06 10:22:00+00,Nitrate + Nitrite as Nitrogen (MGL),0.05,<
233735,DR01,2018/03/06 10:20:00+00,Nitrate + Nitrite as Nitrogen (MGL),0.05,<
234404,DR01,2017/10/03 09:25:00+00,Escherichia coli (CFU),260000,=
234408,DR01,2017/07/04 10:13:00+00,Escherichia coli (CFU),250000,=
234427,DR01,2017/08/01 10:57:00+00,Escherichia coli (CFU),110000,=
234435,DR01,2017/12/05 09:41:00+00,Escherichia coli (CFU),89000,=
234457,DR01,2017/09/05 09:37:00+00,Escherichia coli (CFU),72000,=
234462,DR05,2018/02/06 10:34:00+00,Escherichia coli (CFU),69000,=
234490,DR01,2017/01/10 09:51:00+00,Escherichia coli (CFU),52000,=
234520,DR01,2017/02/07 09:20:00+00,Escherichia coli (CFU),41000,=
234534,DR05,2017/07/04 10:28:00+00,Escherichia coli (CFU),34000,=
234557,DR05,2017/02/07 09:30:00+00,Escherichia coli (CFU),27000,=
234563,DR01,2017/06/06 08:40:00+00,Escherichia coli (CFU),26000,=
234580,DR01,2018/08/28 09:47:00+00,Escherichia coli (CFU),20000,=
234621,DR05,2017/01/10 10:08:00+00,Escherichia coli (CFU),9200,=
234644,DR05,2017/08/01 11:33:00+00,Escherichia coli (CFU),7800,=
234659,DR05,2017/12/05 10:03:00+00,Escherichia coli (CFU),7100,=
234705,DR05,2017/06/06 08:51:00+00,Escherichia coli (CFU),5400,=
234757,DR01,2018/07/26 00:00:00+00,Escherichia coli (CFU),4400,=
235181,DR01,2018/02/06 10:22:00+00,Escherichia coli (CFU),1400,=
235282,DR05,2017/03/07 10:57:00+00,Escherichia coli (CFU),970,=
235388,DR05,2017/09/05 09:48:00+00,Escherichia coli (CFU),740,=
235522,DR01,2018/03/06 10:21:00+00,Escherichia coli (CFU),600,=
235777,DR01,2017/03/07 10:36:00+00,Escherichia coli (CFU),400,=
236063,DR05,2018/03/06 10:07:00+00,Escherichia coli (CFU),286,=
240216,DR01,2018/08/28 09:47:00+00,Oxygen Saturation (PC),85,=
240857,DR05,2018/08/28 10:02:00+00,Escherichia coli (CFU),78,=
241224,DR01,2017/07/04 10:13:00+00,Oxygen Saturation (PC),72,=
241596,DR01,2017/08/01 10:58:00+00,Conductivity (MSM),68,=
241900,DR01,2018/10/02 09:48:00+00,Oxygen Saturation (PC),64,=
242253,DR01,2018/02/06 10:22:00+00,Conductivity (MSM),60,=
242474,DR01,2017/04/04 09:32:00+00,Conductivity (MSM),59,=
242878,DR01,2017/03/07 10:35:00+00,Conductivity (MSM),54,=
242943,DR01,2017/01/10 09:51:00+00,Conductivity (MSM),53,=
243037,DR01,2017/06/06 08:40:00+00,Conductivity (MSM),52,=
243043,DR01,2017/09/05 09:37:00+00,Oxygen Saturation (PC),52,=
243110,DR01,2017/04/04 09:32:00+00,COD (MGL),51,=
243211,DR01,2017/02/07 09:20:00+00,Conductivity (MSM),50,=
243656,DR01,2018/03/06 10:20:00+00,Conductivity (MSM),47,=
243745,DR01,2017/10/03 09:25:00+00,Conductivity (MSM),46,=
244026,DR01,2017/01/10 09:51:00+00,COD (MGL),43,=
244123,DR01,2017/05/02 00:00:00+00,Conductivity (MSM),42,=
244136,DR01,2017/09/05 09:37:00+00,Conductivity (MSM),42,=
244694,DR01,2017/02/07 09:20:00+00,Oxygen Saturation (PC),38,=
244912,DR01,2017/06/06 08:40:00+00,COD (MGL),36,=
245115,DR01,2018/10/02 09:48:00+00,Conductivity (MSM),35,=
245242,DR01,2017/12/05 09:41:00+00,Oxygen Saturation (PC),34,=
245243,DR01,2017/12/05 09:41:00+00,Conductivity (MSM),34,=
245574,DR01,2017/08/01 10:58:00+00,COD (MGL),31,=
245579,DR01,2017/10/03 09:25:00+00,Oxygen Saturation (PC),31,=
246379,DR01,2017/07/04 10:13:00+00,COD (MGL),27,=
246552,DR01,2017/02/07 09:20:00+00,COD (MGL),26,=
246572,DR01,2017/08/01 10:58:00+00,Oxygen Saturation (PC),26,=
246792,DR01,2017/07/04 10:13:00+00,Conductivity (MSM),25,=
247368,DR01,2018/02/06 10:22:00+00,Oxygen Saturation (PC),23,=
247620,DR01,2017/01/10 09:51:00+00,Temperature (CELSIUS),22,=
247669,DR01,2018/03/06 10:20:00+00,Oxygen Saturation (PC),22,=
247681,DR01,2018/10/02 09:48:00+00,Suspended Solids 105 C (MGL),22,=
247706,DR01,2017/02/07 09:20:00+00,Temperature (CELSIUS),21.9,=
247914,DR01,2018/02/06 10:22:00+00,Temperature (CELSIUS),21.2,=
248093,DR01,2017/03/07 10:35:00+00,Temperature (CELSIUS),20.8,=
248127,DR01,2018/03/06 10:20:00+00,Temperature (CELSIUS),20.7,=
248363,DR01,2017/04/04 09:32:00+00,Temperature (CELSIUS),20,=
248990,DR01,2017/10/03 09:25:00+00,COD (MGL),19,=
248997,DR01,2017/12/05 09:41:00+00,Temperature (CELSIUS),19,=
249410,DR01,2018/08/28 09:47:00+00,Conductivity (MSM),18,=
249411,DR01,2018/08/28 09:47:00+00,Suspended Solids 105 C (MGL),18,=
249776,DR01,2017/09/05 09:37:00+00,COD (MGL),17,=
249975,DR01,2017/10/03 09:25:00+00,Temperature (CELSIUS),16.5,=
250162,DR01,2017/04/04 09:32:00+00,Suspended Solids 105 C (MGL),16,=
250737,DR01,2018/03/06 10:20:00+00,Suspended Solids 105 C (MGL),15,=
250887,DR01,2017/08/01 10:58:00+00,Temperature (CELSIUS),14.8,=
250901,DR01,2018/10/02 09:48:00+00,Temperature (CELSIUS),14.8,=
250978,DR01,2017/09/05 09:37:00+00,Temperature (CELSIUS),14.6,=
251294,DR01,2017/12/05 09:41:00+00,Suspended Solids 105 C (MGL),14,=
251405,DR01,2017/06/06 08:40:00+00,Temperature (CELSIUS),13.8,=
251799,DR01,2018/08/28 09:47:00+00,Temperature (CELSIUS),13,=
252121,DR01,2017/07/04 10:13:00+00,Temperature (CELSIUS),12.1,=
252167,DR01,2017/01/10 09:51:00+00,Suspended Solids 105 C (MGL),12,=
252468,DR01,2017/04/04 09:32:00+00,Inorganic Nitrogen (MGL),11.46,=
252472,DR01,2017/04/04 09:32:00+00,ammonia (MGL),11.41,=
252653,DR01,2017/03/07 10:35:00+00,Oxygen Saturation (PC),11,=
253268,DR01,2017/07/04 10:13:00+00,Suspended Solids 105 C (MGL),10,=
253438,DR05,2017/10/03 09:26:00+00,Escherichia coli (CFU),10,=
254077,DR01,2017/01/10 09:51:00+00,Oxygen Saturation (PC),9,=
254121,DR01,2017/06/06 08:40:00+00,Suspended Solids 105 C (MGL),9,=
254150,DR01,2017/09/05 09:37:00+00,Suspended Solids 105 C (MGL),9,=
254225,DR01,2018/08/28 09:47:00+00,Dissolved Oxygen (MGL),8.97,=
255271,DR01,2017/10/03 09:25:00+00,Suspended Solids 105 C (MGL),8,=
255857,DR01,2017/07/04 10:13:00+00,Dissolved Oxygen (MGL),7.74,=
257212,DR01,2017/01/10 09:51:00+00,pH (PH_NONE),7.3,=
257217,DR01,2017/02/07 09:20:00+00,pH (PH_NONE),7.3,=
257223,DR01,2017/04/04 09:32:00+00,pH (PH_NONE),7.3,=
257395,DR01,2017/03/07 10:35:00+00,pH (PH_NONE),7.2,=
257425,DR01,2017/10/03 09:25:00+00,pH (PH_NONE),7.2,=
257578,DR01,2017/06/06 08:40:00+00,pH (PH_NONE),7.1,=
257596,DR01,2017/09/05 09:37:00+00,pH (PH_NONE),7.1,=
257608,DR01,2018/02/06 10:22:00+00,pH (PH_NONE),7.1,=
257628,DR01,2018/10/02 09:48:00+00,pH (PH_NONE),7.1,=
257738,DR01,2017/04/04 09:32:00+00,Oxygen Saturation (PC),7,=
257792,DR01,2017/08/01 10:58:00+00,pH (PH_NONE),7,=
257827,DR01,2017/12/05 09:41:00+00,pH (PH_NONE),7,=
257837,DR01,2018/03/06 10:20:00+00,pH (PH_NONE),7,=
257978,DR01,2018/05/08 00:00:00+00,pH (PH_NONE),6.9,=
258068,DR01,2017/07/04 10:13:00+00,pH (PH_NONE),6.8,=
258085,DR01,2018/08/28 09:47:00+00,pH (PH_NONE),6.8,=
258332,DR01,2018/10/02 09:48:00+00,Dissolved Oxygen (MGL),6.47,=
258667,DR01,2017/02/07 09:20:00+00,Suspended Solids 105 C (MGL),6,=
259313,DR01,2017/09/05 09:37:00+00,Dissolved Oxygen (MGL),5.25,=
259493,DR01,2017/03/07 10:35:00+00,Suspended Solids 105 C (MGL),5,=
259525,DR01,2017/06/06 08:40:00+00,Oxygen Saturation (PC),5,=
259990,DR01,2017/06/06 08:40:00+00,Inorganic Nitrogen (MGL),4.535,=
260048,DR01,2017/06/06 08:40:00+00,ammonia (MGL),4.485,=
260245,DR01,2017/01/10 09:51:00+00,Inorganic Nitrogen (MGL),4.27,=
260250,DR01,2017/05/02 00:00:00+00,Inorganic Nitrogen (MGL),4.261,=
260269,DR01,2017/01/10 09:51:00+00,ammonia (MGL),4.22,=
261141,DR01,2018/12/06 00:00:00+00,Inorganic Nitrogen (MGL),3.412,=
261360,DR01,2017/02/07 09:20:00+00,Dissolved Oxygen (MGL),3.26,=
261385,DR01,2017/12/05 09:41:00+00,Dissolved Oxygen (MGL),3.21,=
261607,DR01,2017/10/03 09:25:00+00,Dissolved Oxygen (MGL),3.01,=
262238,DR01,2017/11/02 00:00:00+00,Dissolved Oxygen (MGL),2.7,=
262265,DR01,2017/08/01 10:58:00+00,Dissolved Oxygen (MGL),2.67,=
262428,DR01,2017/11/02 00:00:00+00,Inorganic Nitrogen (MGL),2.542,=
262995,DR01,2017/08/01 10:58:00+00,Inorganic Nitrogen (MGL),2.169,=
263120,DR01,2018/05/08 00:00:00+00,Inorganic Nitrogen (MGL),2.093,=
263203,DR01,2018/02/06 10:22:00+00,Dissolved Oxygen (MGL),2.01,=
263424,DR01,2018/03/06 10:20:00+00,Dissolved Oxygen (MGL),2,=
264219,DR01,2017/08/01 10:58:00+00,ammonia (MGL),1.577,=
264526,DR01,2018/01/09 00:00:00+00,Inorganic Nitrogen (MGL),1.41,=
264640,DR01,2017/10/03 09:25:00+00,Inorganic Nitrogen (MGL),1.372,=
264665,DR01,2017/02/07 09:20:00+00,Inorganic Nitrogen (MGL),1.346,=
264707,DR01,2018/11/08 00:00:00+00,Inorganic Nitrogen (MGL),1.324,=
264794,DR01,2017/02/07 09:20:00+00,ammonia (MGL),1.296,=
264896,DR01,2017/12/05 09:41:00+00,Inorganic Nitrogen (MGL),1.234,=
265028,DR01,2017/10/03 09:25:00+00,ammonia (MGL),1.196,=
265057,DR01,2017/12/05 09:41:00+00,ammonia (MGL),1.18,=
265120,DR01,2018/10/02 09:48:00+00,Inorganic Nitrogen (MGL),1.152,=
265139,DR01,2018/02/06 10:22:00+00,Inorganic Nitrogen (MGL),1.141,=
265297,DR01,2018/02/06 10:22:00+00,ammonia (MGL),1.091,=
265688,DR01,2017/04/04 09:32:00+00,Ortho-Phosphate (MGL),0.996,=
265743,DR01,2017/03/07 10:35:00+00,Dissolved Oxygen (MGL),0.97,=
265764,DR01,2018/07/26 00:00:00+00,Inorganic Nitrogen (MGL),0.959,=
265828,DR01,2017/09/05 09:37:00+00,Inorganic Nitrogen (MGL),0.93,=
266307,DR01,2017/01/10 09:51:00+00,Dissolved Oxygen (MGL),0.8,=
266340,DR01,2017/09/05 09:37:00+00,ammonia (MGL),0.79,=
266504,DR01,2018/08/28 09:47:00+00,Inorganic Nitrogen (MGL),0.722,=
266541,DR01,2017/03/07 10:35:00+00,Inorganic Nitrogen (MGL),0.709,=
266731,DR01,2018/10/02 09:48:00+00,ammonia (MGL),0.676,=
266787,DR01,2017/03/07 10:35:00+00,ammonia (MGL),0.659,=
266870,DR01,2017/04/04 09:32:00+00,Dissolved Oxygen (MGL),0.63,=
267085,DR01,2017/08/01 10:58:00+00,Nitrate + Nitrite as Nitrogen (MGL),0.592,=
267343,DR01,2017/06/06 08:40:00+00,Dissolved Oxygen (MGL),0.52,=
267631,DR01,2018/10/02 09:48:00+00,Nitrate + Nitrite as Nitrogen (MGL),0.476,=
267668,DR01,2018/03/06 10:20:00+00,Inorganic Nitrogen (MGL),0.467,=
267901,DR01,2018/03/06 10:20:00+00,ammonia (MGL),0.417,=
267940,DR01,2018/08/28 09:47:00+00,ammonia (MGL),0.409,=
268262,DR01,2017/06/06 08:40:00+00,Ortho-Phosphate (MGL),0.354,=
268296,DR01,2018/09/18 00:00:00+00,Inorganic Nitrogen (MGL),0.347,=
268469,DR01,2018/08/28 09:47:00+00,Nitrate + Nitrite as Nitrogen (MGL),0.313,=
268650,DR01,2018/06/28 00:00:00+00,Inorganic Nitrogen (MGL),0.29,=
268732,DR01,2017/08/01 10:58:00+00,Ortho-Phosphate (MGL),0.276,=
268759,DR01,2017/01/10 09:51:00+00,Ortho-Phosphate (MGL),0.272,=
269650,DR01,2017/10/03 09:25:00+00,Nitrate + Nitrite as Nitrogen (MGL),0.176,=
269723,DR01,2017/07/04 10:13:00+00,Inorganic Nitrogen (MGL),0.17,=
269878,DR01,2017/03/07 10:35:00+00,Ortho-Phosphate (MGL),0.158,=
270143,DR01,2017/09/05 09:37:00+00,Nitrate + Nitrite as Nitrogen (MGL),0.14,=
270144,DR01,2017/09/05 09:37:00+00,Ortho-Phosphate (MGL),0.14,=
270324,DR01,2017/10/03 09:25:00+00,Ortho-Phosphate (MGL),0.13,=
270449,DR01,2017/12/05 09:41:00+00,Ortho-Phosphate (MGL),0.124,=
270522,DR01,2017/07/04 10:13:00+00,ammonia (MGL),0.12,=
270735,DR01,2018/02/06 10:22:00+00,Ortho-Phosphate (MGL),0.111,=
270932,DR01,2018/10/02 09:48:00+00,Ortho-Phosphate (MGL),0.103,=
270943,DR01,2017/02/07 09:20:00+00,Ortho-Phosphate (MGL),0.102,=
270972,DR01,2017/04/04 09:32:00+00,Unionised Ammonia (MGL),0.101,=
270979,DR01,2018/03/06 10:20:00+00,Ortho-Phosphate (MGL),0.101,=
271078,DR01,2017/07/04 10:13:00+00,Ortho-Phosphate (MGL),0.098,=
271619,DR01,2018/08/28 09:47:00+00,Ortho-Phosphate (MGL),0.069,=
272004,DR01,2017/12/05 09:41:00+00,Nitrate + Nitrite as Nitrogen (MGL),0.054,=
272254,DR01,2017/01/10 09:51:00+00,Unionised Ammonia (MGL),0.043,=
273013,DR01,2017/06/06 08:40:00+00,Unionised Ammonia (MGL),0.016,=
273138,DR01,2017/02/07 09:20:00+00,Unionised Ammonia (MGL),0.013,=
273375,DR01,2017/10/03 09:25:00+00,Unionised Ammonia (MGL),0.007,=
273379,DR01,2018/02/06 10:22:00+00,Unionised Ammonia (MGL),0.007,=
273447,DR01,2017/03/07 10:35:00+00,Unionised Ammonia (MGL),0.005,=
273460,DR01,2017/08/01 10:58:00+00,Unionised Ammonia (MGL),0.005,=
273466,DR01,2017/12/05 09:41:00+00,Unionised Ammonia (MGL),0.005,=
273594,DR01,2017/09/05 09:37:00+00,Unionised Ammonia (MGL),0.003,=
273625,DR01,2018/10/02 09:48:00+00,Unionised Ammonia (MGL),0.003,=
273710,DR01,2018/03/06 10:20:00+00,Unionised Ammonia (MGL),0.002,=
273954,DR01,2018/08/28 09:47:00+00,Unionised Ammonia (MGL),0.001,=
274088,DR01,2017/07/04 10:13:00+00,Unionised Ammonia (MGL),0,=
274326,DR01,2020/12/07 10:28:00+00,Escherichia coli (CFU),1000000,>
274327,DR05,2020/12/07 10:39:00+00,Escherichia coli (CFU),1000000,>
274357,DR01,2019/08/06 09:46:00+00,Escherichia coli (CFU),10000,>
274406,DR01,2019/02/07 10:38:00+00,Suspended Solids 105 C (MGL),5,<
275324,DR01,2019/02/07 10:38:00+00,Nitrate + Nitrite as Nitrogen (MGL),0.05,<
275842,DR01,2019/08/06 09:46:00+00,Unionised Ammonia (MGL),0.001,<
275857,DR01,2019/09/03 09:59:00+00,Unionised Ammonia (MGL),0.001,<
276120,DR01,2020/04/08 11:10:00+00,Escherichia coli (CFU),710000,=
276199,DR05,2020/04/08 10:58:00+00,Escherichia coli (CFU),98000,=
276261,DR01,2019/09/03 09:58:00+00,Escherichia coli (CFU),36000,=
276289,DR05,2019/08/06 09:58:00+00,Escherichia coli (CFU),25000,=
276399,DR05,2019/09/03 10:13:00+00,Escherichia coli (CFU),5400,=
276440,DR01,2019/03/05 10:30:00+00,Escherichia coli (CFU),4000,=
276523,DR05,2019/03/05 11:04:00+00,Escherichia coli (CFU),2900,=
276605,DR01,2019/07/02 00:00:00+00,Escherichia coli (CFU),2100,=
276606,DR01,2020/05/19 00:00:00+00,Escherichia coli (CFU),2100,=
276738,DR01,2019/02/07 10:38:00+00,Escherichia coli (CFU),1200,=
276781,DR05,2020/05/13 00:00:00+00,Escherichia coli (CFU),1000,=
279365,DR01,2019/09/03 09:59:00+00,Oxygen Saturation (PC),97,=
279822,DR01,2019/08/06 09:46:00+00,Oxygen Saturation (PC),86,=
280791,DR01,2020/04/08 11:11:00+00,Conductivity (MSM),63,=
281429,DR01,2019/12/02 00:00:00+00,Oxygen Saturation (PC),52,=
281436,DR01,2020/05/13 00:00:00+00,Conductivity (MSM),52,=
281644,DR01,2019/02/07 10:38:00+00,Conductivity (MSM),50,=
281700,DR01,2020/11/05 00:00:00+00,Conductivity (MSM),50,=
282029,DR01,2020/06/01 00:00:00+00,Conductivity (MSM),47,=
282037,DR01,2020/08/04 00:00:00+00,Conductivity (MSM),47,=
283744,DR01,2019/02/07 10:38:00+00,Oxygen Saturation (PC),26,=
283995,DR01,2019/02/07 10:38:00+00,Temperature (CELSIUS),24.2,=
284246,DR01,2019/09/03 09:59:00+00,Conductivity (MSM),23,=
284456,DR01,2019/08/06 09:46:00+00,Suspended Solids 105 C (MGL),22,=
285795,DR01,2020/04/08 11:11:00+00,Temperature (CELSIUS),16.9,=
286588,DR01,2019/08/06 09:46:00+00,Conductivity (MSM),14,=
286610,DR01,2020/04/08 11:11:00+00,Oxygen Saturation (PC),14,=
286695,DR01,2019/08/06 09:46:00+00,Temperature (CELSIUS),13.8,=
286782,DR01,2019/09/03 09:59:00+00,Temperature (CELSIUS),13.4,=
287247,DR01,2020/12/07 10:29:00+00,Inorganic Nitrogen (MGL),11.85,=
287781,DR01,2019/09/03 09:59:00+00,Dissolved Oxygen (MGL),10.16,=
287889,DR01,2020/05/13 00:00:00+00,Suspended Solids 105 C (MGL),10,=
288385,DR01,2020/04/08 11:11:00+00,Suspended Solids 105 C (MGL),9,=
288407,DR01,2019/08/06 09:46:00+00,Dissolved Oxygen (MGL),8.99,=
288790,DR01,2020/04/08 11:11:00+00,Inorganic Nitrogen (MGL),8.305,=
288845,DR01,2020/04/08 11:11:00+00,ammonia (MGL),8.23,=
290489,DR01,2019/02/07 10:38:00+00,pH (PH_NONE),7.2,=
290566,DR01,2019/05/07 00:00:00+00,Inorganic Nitrogen (MGL),7.13,=
290642,DR01,2020/04/08 11:11:00+00,pH (PH_NONE),7.1,=
290739,DR01,2019/09/03 09:59:00+00,pH (PH_NONE),7,=
291006,DR01,2019/08/06 09:46:00+00,pH (PH_NONE),6.7,=
291344,DR01,2019/01/10 00:00:00+00,Suspended Solids 105 C (MGL),6,=
291352,DR01,2019/03/05 00:00:00+00,Suspended Solids 105 C (MGL),6,=
291371,DR01,2019/09/03 09:59:00+00,Suspended Solids 105 C (MGL),6,=
291613,DR01,2020/01/02 00:00:00+00,Inorganic Nitrogen (MGL),5.62,=
292033,DR01,2019/04/02 00:00:00+00,Inorganic Nitrogen (MGL),4.952,=
292229,DR01,2020/02/04 00:00:00+00,Inorganic Nitrogen (MGL),4.6,=
293614,DR01,2020/11/05 00:00:00+00,Inorganic Nitrogen (MGL),2.81,=
293675,DR01,2020/10/01 00:00:00+00,Inorganic Nitrogen (MGL),2.767,=
294225,DR01,2019/02/07 10:38:00+00,Dissolved Oxygen (MGL),2.14,=
294580,DR01,2019/03/05 00:00:00+00,Inorganic Nitrogen (MGL),1.939,=
294876,DR01,2020/05/13 00:00:00+00,Inorganic Nitrogen (MGL),1.72,=
295327,DR01,2020/03/03 00:00:00+00,Inorganic Nitrogen (MGL),1.49,=
295379,DR01,2020/03/03 00:00:00+00,ammonia (MGL),1.44,=
295493,DR01,2020/04/08 11:11:00+00,Dissolved Oxygen (MGL),1.38,=
296321,DR01,2020/09/01 00:00:00+00,Inorganic Nitrogen (MGL),0.956,=
296467,DR01,2019/06/04 00:00:00+00,Inorganic Nitrogen (MGL),0.899,=
296493,DR01,2019/01/10 00:00:00+00,Inorganic Nitrogen (MGL),0.881,=
296590,DR01,2020/04/08 11:11:00+00,Ortho-Phosphate (MGL),0.828,=
296876,DR01,2020/06/01 00:00:00+00,Inorganic Nitrogen (MGL),0.716,=
297490,DR01,2020/07/02 00:00:00+00,Inorganic Nitrogen (MGL),0.511,=
297508,DR01,2019/11/05 00:00:00+00,Inorganic Nitrogen (MGL),0.505,=
297623,DR01,2019/02/07 10:38:00+00,Inorganic Nitrogen (MGL),0.491,=
297812,DR01,2019/02/07 10:38:00+00,ammonia (MGL),0.441,=
298252,DR01,2019/07/02 00:00:00+00,Inorganic Nitrogen (MGL),0.3231,=
298278,DR01,2020/08/04 00:00:00+00,Inorganic Nitrogen (MGL),0.3161,=
298409,DR01,2019/09/03 09:59:00+00,Inorganic Nitrogen (MGL),0.284,=
298474,DR01,2019/08/06 09:46:00+00,Inorganic Nitrogen (MGL),0.2672,=
298667,DR01,2019/10/01 00:00:00+00,Inorganic Nitrogen (MGL),0.227,=
298746,DR01,2019/08/06 09:46:00+00,Nitrate + Nitrite as Nitrogen (MGL),0.209,=
299062,DR01,2019/03/05 00:00:00+00,Nitrate + Nitrite as Nitrogen (MGL),0.169,=
299229,DR01,2019/09/03 09:59:00+00,Nitrate + Nitrite as Nitrogen (MGL),0.148,=
299263,DR01,2019/12/02 00:00:00+00,Inorganic Nitrogen (MGL),0.1439,=
299317,DR01,2019/09/03 09:59:00+00,ammonia (MGL),0.136,=
299370,DR01,2020/03/03 00:00:00+00,Ortho-Phosphate (MGL),0.13,=
299443,DR01,2019/02/07 10:38:00+00,Ortho-Phosphate (MGL),0.122,=
299504,DR01,2019/12/02 00:00:00+00,Nitrate + Nitrite as Nitrogen (MGL),0.116,=
300068,DR01,2020/04/08 11:11:00+00,Nitrate + Nitrite as Nitrogen (MGL),0.075,=
300377,DR01,2019/08/06 09:46:00+00,ammonia (MGL),0.0582,=
300539,DR01,2019/08/06 09:46:00+00,Ortho-Phosphate (MGL),0.044,=
300622,DR01,2020/04/08 11:11:00+00,Unionised Ammonia (MGL),0.037,=
300678,DR01,2020/01/02 00:00:00+00,Unionised Ammonia (MGL),0.032,=
300898,DR01,2019/09/03 09:59:00+00,Ortho-Phosphate (MGL),0.019,=
301207,DR01,2019/01/10 00:00:00+00,Unionised Ammonia (MGL),0.006,=
301257,DR01,2019/02/07 10:38:00+00,Unionised Ammonia (MGL),0.004,=
301486,DR01,2020/07/02 00:00:00+00,Unionised Ammonia (MGL),0.001,=
301693,DR01,2023/08/14 00:00:00+00,Escherichia coli (CFU),241960,>
301826,DR01,2021/01/11 09:58:00+00,Escherichia coli (CFU),1000000,>
301843,DR01,2021/10/14 00:00:00+00,Escherichia coli (CFU),1000000,>
302122,DR01,2023/03/10 00:00:00+00,Suspended Solids 105 C (MGL),5,<
302146,DR01,2023/06/01 00:00:00+00,Suspended Solids 105 C (MGL),5,<
302160,DR01,2023/07/13 00:00:00+00,Suspended Solids 105 C (MGL),5,<
303288,DR01,2023/04/06 00:00:00+00,Ortho-Phosphate (MGL),0.1,<
303658,DR01,2022/04/07 00:00:00+00,Nitrate + Nitrite as Nitrogen (MGL),0.05,<
304242,DR01,2022/09/01 00:00:00+00,Unionised Ammonia (MGL),0.001,<
304460,DR05,2021/01/11 10:13:00+00,Escherichia coli (CFU),510000,=
304480,DR01,2021/02/08 00:00:00+00,Escherichia coli (CFU),360000,=
306697,DR05,2021/03/08 00:00:00+00,Escherichia coli (CFU),200,=
309302,DR01,2022/09/01 00:00:00+00,Oxygen Saturation (PC),84,=
309462,DR01,2021/09/02 00:00:00+00,Suspended Solids 105 C (MGL),80,=
310188,DR01,2023/01/12 00:00:00+00,Conductivity (MSM),67,=
310306,DR01,2021/01/11 09:58:00+00,Conductivity (MSM),65,=
311225,DR01,2023/12/14 00:00:00+00,Oxygen Saturation (PC),49,=
311384,DR01,2023/10/05 00:00:00+00,Conductivity (MSM),46,=
313472,DR01,2021/01/11 09:58:00+00,Oxygen Saturation (PC),26,=
314097,DR01,2021/02/08 00:00:00+00,Temperature (CELSIUS),23.2,=
314227,DR01,2021/01/11 09:58:00+00,Temperature (CELSIUS),22.8,=
314403,DR01,2021/01/11 09:58:00+00,Suspended Solids 105 C (MGL),22,=
314436,DR01,2023/02/09 00:00:00+00,Temperature (CELSIUS),22,=
315135,DR01,2023/01/12 00:00:00+00,Inorganic Nitrogen (MGL),19.702,=
315424,DR01,2022/11/03 00:00:00+00,Temperature (CELSIUS),18.9,=
315727,DR01,2021/04/08 00:00:00+00,Suspended Solids 105 C (MGL),18,=
316814,DR01,2022/01/06 00:00:00+00,Oxygen Saturation (PC),15,=
317729,DR01,2023/11/16 00:00:00+00,Suspended Solids 105 C (MGL),13,=
318378,DR01,2021/01/11 09:58:00+00,Inorganic Nitrogen (MGL),11.664,=
318408,DR01,2021/01/11 09:58:00+00,ammonia (MGL),11.6,=
318722,DR01,2022/01/06 00:00:00+00,Suspended Solids 105 C (MGL),11,=
318968,DR01,2021/02/08 00:00:00+00,Inorganic Nitrogen (MGL),10.55,=
320605,DR01,2022/09/01 00:00:00+00,Dissolved Oxygen (MGL),8.5,=
323164,DR01,2021/01/11 09:58:00+00,pH (PH_NONE),7.2,=
323373,DR01,2021/05/06 00:00:00+00,Inorganic Nitrogen (MGL),7.042,=
323429,DR01,2021/03/08 00:00:00+00,pH (PH_NONE),7,=
323752,DR01,2022/10/06 00:00:00+00,Dissolved Oxygen (MGL),6.8,=
324004,DR01,2021/03/08 00:00:00+00,Inorganic Nitrogen (MGL),6.45,=
324006,DR01,2022/04/07 00:00:00+00,Inorganic Nitrogen (MGL),6.449,=
324270,DR01,2023/11/16 00:00:00+00,Dissolved Oxygen (MGL),6.1,=
324488,DR01,2022/03/03 00:00:00+00,Inorganic Nitrogen (MGL),5.909,=
326740,DR01,2023/08/14 00:00:00+00,Inorganic Nitrogen (MGL),3.741,=
326753,DR01,2023/02/09 00:00:00+00,Inorganic Nitrogen (MGL),3.703,=
327443,DR01,2022/11/03 00:00:00+00,Dissolved Oxygen (MGL),3.2,=
327489,DR01,2022/06/02 00:00:00+00,Inorganic Nitrogen (MGL),3.144,=
328048,DR01,2022/05/05 00:00:00+00,Inorganic Nitrogen (MGL),2.889,=
328651,DR01,2021/09/02 00:00:00+00,Inorganic Nitrogen (MGL),2.414,=
328810,DR01,2021/08/05 00:00:00+00,Inorganic Nitrogen (MGL),2.397,=
329059,DR01,2021/01/11 09:58:00+00,Dissolved Oxygen (MGL),2.21,=
329655,DR01,2021/10/14 00:00:00+00,Inorganic Nitrogen (MGL),1.973,=
329706,DR01,2021/06/03 00:00:00+00,Inorganic Nitrogen (MGL),1.974,=
329990,DR01,2021/09/02 00:00:00+00,Nitrate + Nitrite as Nitrogen (MGL),1.823,=
330101,DR01,2022/11/03 00:00:00+00,Inorganic Nitrogen (MGL),1.799,=
330190,DR01,2022/12/01 00:00:00+00,Inorganic Nitrogen (MGL),1.733,=
330442,DR01,2023/10/05 00:00:00+00,Inorganic Nitrogen (MGL),1.612,=
331029,DR01,2021/04/08 00:00:00+00,Inorganic Nitrogen (MGL),1.39,=
331328,DR01,2023/07/13 00:00:00+00,Inorganic Nitrogen (MGL),1.28,=
331359,DR01,2023/09/07 00:00:00+00,Inorganic Nitrogen (MGL),1.241,=
331550,DR01,2023/12/14 00:00:00+00,Inorganic Nitrogen (MGL),1.19,=
332302,DR01,2022/01/06 00:00:00+00,Inorganic Nitrogen (MGL),0.968,=
332516,DR01,2022/07/07 00:00:00+00,Inorganic Nitrogen (MGL),0.907,=
332604,DR01,2022/10/06 00:00:00+00,Inorganic Nitrogen (MGL),0.887,=
332756,DR01,2022/02/03 00:00:00+00,Inorganic Nitrogen (MGL),0.856,=
332824,DR01,2021/01/11 09:58:00+00,Ortho-Phosphate (MGL),0.821,=
332879,DR01,2023/11/16 00:00:00+00,Inorganic Nitrogen (MGL),0.813,=
333068,DR01,2023/04/06 00:00:00+00,Inorganic Nitrogen (MGL),0.777,=
333344,DR01,2022/10/06 00:00:00+00,ammonia (MGL),0.699,=
333455,DR01,2021/12/09 00:00:00+00,Inorganic Nitrogen (MGL),0.675,=
333577,DR05,2023/05/04 00:00:00+00,Inorganic Nitrogen (MGL),0.641,=
333827,DR01,2023/06/01 00:00:00+00,Inorganic Nitrogen (MGL),0.596,=
334069,DR01,2021/07/01 00:00:00+00,Inorganic Nitrogen (MGL),0.5438,=
334272,DR01,2023/05/04 00:00:00+00,Inorganic Nitrogen (MGL),0.507,=
334609,DR01,2021/07/01 00:00:00+00,Nitrate + Nitrite as Nitrogen (MGL),0.466,=
334619,DR01,2021/11/11 00:00:00+00,Inorganic Nitrogen (MGL),0.463,=
335005,DR01,2023/11/16 00:00:00+00,Nitrate + Nitrite as Nitrogen (MGL),0.405,=
335536,DR01,2022/05/05 00:00:00+00,Ortho-Phosphate (MGL),0.384,=
336062,DR01,2022/08/04 00:00:00+00,Inorganic Nitrogen (MGL),0.2869,=
336303,DR01,2022/09/01 00:00:00+00,Inorganic Nitrogen (MGL),0.2627,=
337651,DR01,2022/10/06 00:00:00+00,Nitrate + Nitrite as Nitrogen (MGL),0.188,=
337968,DR01,2021/10/14 00:00:00+00,Nitrate + Nitrite as Nitrogen (MGL),0.179,=
338149,DR01,2022/09/01 00:00:00+00,Nitrate + Nitrite as Nitrogen (MGL),0.172,=
338173,DR01,2023/09/07 00:00:00+00,Ortho-Phosphate (MGL),0.169,=
338401,DR01,2021/12/09 00:00:00+00,Ortho-Phosphate (MGL),0.149,=
339573,DR01,2021/01/11 09:58:00+00,Unionised Ammonia (MGL),0.099,=
339893,DR01,2023/03/10 00:00:00+00,Inorganic Nitrogen (MGL),0.0836,=
339958,DR01,2021/02/08 00:00:00+00,Unionised Ammonia (MGL),0.073,=
339998,DR05,2023/05/04 00:00:00+00,Nitrate + Nitrite as Nitrogen (MGL),0.076,=
340319,DR01,2021/01/11 09:58:00+00,Nitrate + Nitrite as Nitrogen (MGL),0.064,=
340954,DR01,2022/09/01 00:00:00+00,Ortho-Phosphate (MGL),0.039,=
341508,DR01,2021/10/14 00:00:00+00,Unionised Ammonia (MGL),0.011,=
341666,DR01,2022/12/01 00:00:00+00,Unionised Ammonia (MGL),0.01,=
341796,DR01,2021/08/05 00:00:00+00,Unionised Ammonia (MGL),0.006,=
341802,DR01,2021/06/03 00:00:00+00,Unionised Ammonia (MGL),0.004,=
341893,DR01,2024/05/09 00:00:00+00,Suspended Solids 105 C (MGL),5,<
342310,DR01,2024/04/10 00:00:00+00,Nitrate + Nitrite as Nitrogen (MGL),0.05,<
342418,DR05,2024/04/10 00:00:00+00,Escherichia coli (CFU),5460,=
344084,DR01,2024/04/10 00:00:00+00,Suspended Solids 105 C (MGL),12,=
344593,DR01,2024/01/11 00:00:00+00,Dissolved Oxygen (MGL),4.9,=
344877,DR01,2024/01/11 00:00:00+00,Inorganic Nitrogen (MGL),0.842,=
345205,DR01,2024/04/10 00:00:00+00,Inorganic Nitrogen (MGL),0.768,=
345302,DR01,2024/05/09 00:00:00+00,Inorganic Nitrogen (MGL),0.665,=
345351,DR01,2024/03/07 00:00:00+00,Inorganic Nitrogen (MGL),0.485,=
345451,DR01,2024/02/08 00:00:00+00,Inorganic Nitrogen (MGL),0.239,=
346283,DR01,2024/07/04 00:00:00+00,Inorganic Nitrogen (MGL),1.116,=
346953,DR01,2024/08/01 00:00:00+00,Inorganic Nitrogen (MGL),1.17,=
347460,DR01,2024/09/04 00:00:00+00,Inorganic Nitrogen (MGL),1.099,=
347716,DR01,2024/10/02 00:00:00+00,Inorganic Nitrogen (MGL),0.681,=
350226,DR05,2024/11/04 00:00:00+00,Escherichia coli (CFU),363000,=
350249,DR01,2024/11/04 00:00:00+00,Escherichia coli (CFU),388000,=
351358,DR01,2024/11/04 00:00:00+00,Oxygen Saturation (PC),62,=
351383,DR01,2024/11/04 00:00:00+00,Conductivity (MSM),47,=
351534,DR01,2024/11/04 00:00:00+00,Temperature (CELSIUS),15,=
351545,DR01,2024/11/04 00:00:00+00,Suspended Solids 105 C (MGL),14,=
351677,DR01,2024/11/04 00:00:00+00,pH (PH_NONE),7.1,=
351688,DR01,2024/11/04 00:00:00+00,Dissolved Oxygen (MGL),6.3,=
351752,DR01,2024/11/04 00:00:00+00,ammonia (MGL),2.85,=
351922,DR01,2024/11/04 00:00:00+00,Nitrate + Nitrite as Nitrogen (MGL),0.263,=
351928,DR01,2024/11/04 00:00:00+00,Ortho-Phosphate (MGL),0.239,=
351987,DR01,2024/11/04 00:00:00+00,Unionised Ammonia (MGL),0.011,=
352085,DR01,2024/11/04 00:00:00+00,Inorganic Nitrogen (MGL),3.113,=
